"wd_id","wd_id_new","population","name_ar","name_bn","name_de","name_en","name_es","name_fr","name_el","name_hi","name_hu","name_id","name_it","name_ja","name_ko","name_nl","name_pl","name_pt","name_ru","name_sv","name_tr","name_vi","name_zh"
"Q21203","","102911","أروبا","আরুবা","Aruba","Aruba","Aruba","Aruba","Αρούμπα","अरूबा","Aruba","Aruba","Aruba","アルバ","아루바","Aruba","Aruba","Aruba","Аруба","Aruba","Aruba","Aruba","阿魯巴"
"Q347","","37468","ليختنشتاين","লিশটেনস্টাইন","Liechtenstein","Liechtenstein","Liechtenstein","Liechtenstein","Λίχτενσταϊν","लिक्टेन्स्टाइन","Liechtenstein","Liechtenstein","Liechtenstein","リヒテンシュタイン","리히텐슈타인","Liechtenstein","Liechtenstein","Liechtenstein","Лихтенштейн","Liechtenstein","Lihtenştayn","Liechtenstein","列支敦斯登"
"Q23792","","","فلسطين","ফিলিস্তিন অঞ্চল","Palästina","Palestine","Palestina","Palestine","Παλαιστίνη","फ़िलिस्तीनी राज्यक्षेत्र","Palesztina","Palestina","Palestina","パレスチナ","팔레스타인","Palestina","Palestyna","Palestina","Палестина","Palestina","Filistin","Palestine","巴勒斯坦"
"Q23681","","313626","قبرص الشمالية","তুর্কী উত্তর সাইপ্রাস প্রজাতন্ত্র","Türkische Republik Nordzypern","Turkish Republic of Northern Cyprus","República Turca del Norte de Chipre","Chypre du Nord","Τουρκική Δημοκρατία της Βόρειας Κύπρου","उत्तरी साइप्रस","Észak-Ciprus","Republik Turki Siprus Utara","Cipro del Nord","北キプロス・トルコ共和国","북키프로스","Noord-Cyprus","Cypr Północny","República Turca de Chipre do Norte","Турецкая Республика Северного Кипра","Nordcypern","Kuzey Kıbrıs Türk Cumhuriyeti","Bắc Síp","北賽普勒斯土耳其共和國"
"Q399","","2976566","أرمينيا","আর্মেনিয়া","Armenien","Armenia","Armenia","Arménie","Αρμενία","आर्मीनिया","Örményország","Armenia","Armenia","アルメニア","아르메니아","Armenië","Armenia","Arménia","Армения","Armenien","Ermenistan","Armenia","亞美尼亞"
"Q26273","","37132","سينت مارتن","সিন্ট মার্টেন","Sint Maarten","Sint Maarten","Sint Maarten","Saint-Martin","Άγιος Μαρτίνος","सिंट मार्टेन","Sint Maarten","Sint Maarten","Sint Maarten","シント・マールテン","신트마르턴","Sint Maarten","Sint Maarten","São Martinho","Синт-Мартен","Sint Maarten","Sint Maarten","Sint Maarten","荷屬聖馬丁"
"Q25279","","160337","كوراساو","কিউরাসাও","Curaçao","Curaçao","Curazao","Curaçao","Κουρασάο","कुराकाओ","Curaçao","Curaçao","Curaçao","キュラソー島","퀴라소","Curaçao","Curaçao","Curaçao","Кюрасао","Curaçao","Curaçao","Curaçao","库拉索"
"Q403","","7041599","صربيا","সার্বিয়া","Serbien","Serbia","Serbia","Serbie","Σερβία","सर्बिया","Szerbia","Serbia","Serbia","セルビア","세르비아","Servië","Serbia","Sérvia","Сербия","Serbien","Sırbistan","Serbia","塞尔维亚"
"Q30971","","275918","بولينزيا الفرنسية","ফরাসি পলিনেশিয়া","Französisch-Polynesien","French Polynesia","Polinesia Francesa","Polynésie française","Γαλλική Πολυνησία","फ़्रान्सीसी पॉलिनेशिया","Francia Polinézia","Polinesia Perancis","Polinesia Francese","フランス領ポリネシア","프랑스령 폴리네시아","Frans-Polynesië","Polinezja Francuska","Polinésia Francesa","Французская Полинезия","Franska Polynesien","Fransız Polinezyası","Polynésie thuộc Pháp","法屬玻里尼西亞"
"Q408","","23401892","أستراليا","অস্ট্রেলিয়া","Australien","Australia","Australia","Australie","Αυστραλία","ऑस्ट्रेलिया","Ausztrália","Australia","Australia","オーストラリア","오스트레일리아","Australië","Australia","Austrália","Австралия","Australien","Avustralya","Úc","澳大利亚"
"Q33788","","268767","كاليدونيا الجديدة","নিউ ক্যালিডোনিয়া","Neukaledonien","New Caledonia","Nueva Caledonia","Nouvelle-Calédonie","Νέα Καληδονία","नया कैलेडोनिया","Új-Kaledónia","Kaledonia Baru","Nuova Caledonia","ニューカレドニア","누벨칼레도니","Nieuw-Caledonië","Nowa Kaledonia","Nova Caledónia","Новая Каледония","Nya Kaledonien","Yeni Kaledonya","Nouvelle-Calédonie","新喀里多尼亞"
"Q34617","","6057","سان بيير وميكلون","সাঁ পিয়ের ও মিক‌লোঁ","Saint-Pierre und Miquelon","Saint Pierre and Miquelon","San Pedro y Miquelón","Saint-Pierre-et-Miquelon","Σαιν Πιερ και Μικελόν","साँ-प्येर और मीकेलों","Saint-Pierre és Miquelon","Saint Pierre dan Miquelon","Saint-Pierre e Miquelon","サンピエール島・ミクロン島","생피에르 미클롱","Saint-Pierre en Miquelon","Saint-Pierre i Miquelon","Saint-Pierre e Miquelon","Сен-Пьер и Микелон","Saint-Pierre och Miquelon","Saint Pierre ve Miquelon","Saint-Pierre và Miquelon","圣皮埃尔和密克隆群岛"
"Q414","","43417000","الأرجنتين","আর্জেন্টিনা","Argentinien","Argentina","Argentina","Argentine","Αργεντινή","अर्जेण्टीना","Argentína","Argentina","Argentina","アルゼンチン","아르헨티나","Argentinië","Argentyna","Argentina","Аргентина","Argentina","Arjantin","Argentina","阿根廷"
"Q34754","","4500000","صوماليلاند","সোমালিল্যান্ড","Somaliland","Somaliland","Somalilandia","Somaliland","Σομαλιλάνδη","सोमालीदेश","Szomáliföld","Somaliland","Somaliland","ソマリランド","소말릴란드","Somaliland","Somaliland","Somalilândia","Сомалиленд","Somaliland","Somaliland","Somaliland","索马里兰"
"Q35672","","54","جزر بيتكيرن","পীটকেয়ার্ন দ্বীপপুঞ্জ","Pitcairninseln","Pitcairn Islands","Islas Pitcairn","Îles Pitcairn","Νήσοι Πίτκερν","पिटकेम द्वीप समूह","Pitcairn-szigetek","Kepulauan Pitcairn","Isole Pitcairn","ピトケアン諸島","핏케언 제도","Pitcairneilanden","Pitcairn","Ilhas Pitcairn","Острова Питкэрн","Pitcairnöarna","Pitcairn Adaları","Quần đảo Pitcairn","皮特凯恩群岛"
"Q116970","","","مقاطعة الأمم المتحدة العازلة في قبرص","সাইপ্রাস জাতিসংঘ বাফার জোন","UN-Pufferzone in Zypern","United Nations Buffer Zone in Cyprus","Línea Verde","ligne verte","Πράσινη Γραμμή","संयुक्त राष्ट्र बफर क्षेत्र","Zöld vonal","United Nations Buffer Zone di Cyprus","Linea Verde","グリーンライン","유엔 키프로스 완충 지대","VN-Bufferzone","Zielona linia","Linha Verde","Зелёная линия","FN:s buffertzon på Cypern","Yeşil Hat","Vùng đệm Liên Hiệp Quốc ở Cộng hòa Síp","賽普勒斯聯合國緩衝區"
"Q126125","","35684","تجمع سان مارتين","","Saint-Martin","Saint Martin","San Martín","Saint-Martin","Άγιος Μαρτίνος","","Saint-Martin","Saint Martin","Saint-Martin","サン・マルタン","생마르탱","Sint-Maarten","Saint-Martin","São Martinho","Сен-Мартен","Saint Martin","Saint Martin","Saint-Martin","法屬聖馬丁"
"Q129003","","196","أراض فرنسية جنوبية وأنتارتيكية","","Französische Süd- und Antarktisgebiete","French Southern and Antarctic Lands","Tierras Australes y Antárticas Francesas","Terres australes et antarctiques françaises","Γαλλικά Νότια και Ανταρκτικά Εδάφη","दक्षिण फ्रांसीसी और अंटार्कटिक लैंड","Francia déli és antarktiszi területek","Daratan Selatan dan Antarktika Perancis","Terre australi e antartiche francesi","フランス領南方・南極地域","프랑스령 남방 및 남극","Franse Zuidelijke en Antarctische Gebieden","Francuskie Terytoria Południowe i Antarktyczne","Terras Austrais e Antárticas Francesas","Французские Южные и Антарктические территории","Franska sydterritorierna","Fransız Güney ve Antarktika Toprakları","Vùng đất phía Nam và châu Nam Cực thuộc Pháp","法属南部领地"
"Q165413","","73127","بايكونور","বাইকুনোর","Baikonur","Baikonur","Baikonur","Baïkonour","Μπαϊκονούρ","बायकोनूर","Bajkonur","Baykonur","Bayqoñyr","バイコヌール","바이코누르","Bajkonoer","Bajkonur","Baikonur","Байконур","Bajkonur","Baykonur","Baikonur","拜科努爾"
"Q419","","30375603","بيرو","পেরু","Peru","Peru","Perú","Pérou","Περού","पेरू","Peru","Peru","Perù","ペルー","페루","Peru","Peru","Peru","Перу","Peru","Peru","Peru","秘鲁"
"Q333946","","","نهر سياتشن الجليدي","সিয়াচেন হিমবাহ","Siachen-Gletscher","Siachen Glacier","Glaciar de Siachen","Glacier de Siachen","Παγετώνας Σιατσέν","सियाचीन","Siachen-gleccser","Siachen Glacier","ghiacciaio Siachen","シアチェン氷河","시아첸 빙하","Siachengletsjer","Lodowiec Siachen","Glaciar de Siachen","Сиачен","Siachen Glaciären","Siachen Buzulu","Sông băng Siachen","锡亚琴冰川"
"Q423","","24895480","كوريا الشمالية","উত্তর কোরিয়া","Nordkorea","North Korea","Corea del Norte","Corée du Nord","Βόρεια Κορέα","उत्तर कोरिया","Észak-Korea","Korea Utara","Corea del Nord","朝鮮民主主義人民共和国","조선민주주의인민공화국","Noord-Korea","Korea Północna","Coreia do Norte","Корейская Народно-Демократическая Республика","Nordkorea","Kuzey Kore","Cộng hòa Dân chủ Nhân dân Triều Tiên","朝鲜民主主义人民共和国"
"Q424","","15135169","كمبوديا","কম্বোডিয়া","Kambodscha","Cambodia","Camboya","Cambodge","Καμπότζη","कम्बोडिया","Kambodzsa","Kamboja","Cambogia","カンボジア","캄보디아","Cambodja","Kambodża","Camboja","Камбоджа","Kambodja","Kamboçya","Campuchia","柬埔寨"
"Q574","","1180069","تيمور الشرقية","পূর্ব তিমুর","Osttimor","East Timor","Timor Oriental","Timor oriental","Ανατολικό Τιμόρ","पूर्वी तिमोर","Kelet-Timor","Timor Leste","Timor Est","東ティモール","동티모르","Oost-Timor","Timor Wschodni","Timor-Leste","Восточный Тимор","Östtimor","Doğu Timor","Đông Timor","东帝汶"
"Q657","","12825314","تشاد","চাদ","Tschad","Chad","Chad","Tchad","Τσαντ","चाड","Csád","Chad","Ciad","チャド","차드","Tsjaad","Czad","Chade","Чад","Tchad","Çad","Tchad","乍得"
"Q668","","1339180127","الهند","ভারত","Indien","India","India","Inde","Ινδία","भारत","India","India","India","インド","인도","India","Indie","Índia","Индия","Indien","Hindistan","Ấn Độ","印度"
"Q664","","4793700","نيوزيلندا","নিউজিল্যান্ড","Neuseeland","New Zealand","Nueva Zelanda","Nouvelle-Zélande","Νέα Ζηλανδία","न्यूज़ीलैण्ड","Új-Zéland","Selandia Baru","Nuova Zelanda","ニュージーランド","뉴질랜드","Nieuw-Zeeland","Nowa Zelandia","Nova Zelândia","Новая Зеландия","Nya Zeeland","Yeni Zelanda","New Zealand","新西兰"
"Q691","","7321262","بابوا غينيا الجديدة","পাপুয়া নিউগিনি","Papua-Neuguinea","Papua New Guinea","Papúa Nueva Guinea","Papouasie-Nouvelle-Guinée","Παπούα Νέα Γουινέα","पापुआ न्यू गिनी","Pápua Új-Guinea","Papua Nugini","Papua Nuova Guinea","パプアニューギニア","파푸아뉴기니","Papoea-Nieuw-Guinea","Papua-Nowa Gwinea","Papua-Nova Guiné","Папуа-Новая Гвинея","Papua Nya Guinea","Papua Yeni Gine","Papua New Guinea","巴布亚新几内亚"
"Q709","","52634","جزر مارشال","মার্শাল দ্বীপপুঞ্জ","Marshallinseln","Marshall Islands","Islas Marshall","îles Marshall","Νησιά Μάρσαλ","मार्शल द्वीपसमूह","Marshall-szigetek","Kepulauan Marshall","Isole Marshall","マーシャル諸島","마셜 제도","Marshalleilanden","Wyspy Marshalla","Ilhas Marshall","Маршалловы Острова","Marshallöarna","Marshall Adaları","Quần đảo Marshall","馬紹爾群島"
"Q710","","102351","كيريباتي","কিরিবাস","Kiribati","Kiribati","Kiribati","Kiribati","Κιριμπάτι","किरिबाती","Kiribati","Kiribati","Kiribati","キリバス","키리바시","Kiribati","Kiribati","Kiribati","Кирибати","Kiribati","Kiribati","Kiribati","吉里巴斯"
"Q711","","3081678","منغوليا","মঙ্গোলিয়া","Mongolei","Mongolia","Mongolia","Mongolie","Μογγολία","मंगोलिया","Mongólia","Mongolia","Mongolia","モンゴル国","몽골","Mongolië","Mongolia","Mongólia","Монголия","Mongoliet","Moğolistan","Mông Cổ","蒙古国"
"Q717","","30405207","فنزويلا","ভেনেজুয়েলা","Venezuela","Venezuela","Venezuela","Venezuela","Βενεζουέλα","वेनेज़ुएला","Venezuela","Venezuela","Venezuela","ベネズエラ","베네수엘라","Venezuela","Wenezuela","Venezuela","Венесуэла","Venezuela","Venezuela","Venezuela","委內瑞拉"
"Q712","","881065","فيجي","ফিজি","Fidschi","Fiji","Fiyi","Fidji","Φίτζι","फ़िजी","Fidzsi-szigetek","Fiji","Figi","フィジー","피지","Fiji","Fidżi","Fiji","Фиджи","Fiji","Fiji","Fiji","斐濟"
"Q733","","6802295","باراغواي","প্যারাগুয়ে","Paraguay","Paraguay","Paraguay","Paraguay","Παραγουάη","पैराग्वे","Paraguay","Paraguay","Paraguay","パラグアイ","파라과이","Paraguay","Paragwaj","Paraguai","Парагвай","Paraguay","Paraguay","Paraguay","巴拉圭"
"Q730","","539276","سورينام","সুরিনাম","Suriname","Suriname","Surinam","Suriname","Σουρινάμ","सूरीनाम","Suriname","Suriname","Suriname","スリナム","수리남","Suriname","Surinam","Suriname","Суринам","Surinam","Surinam","Suriname","蘇利南"
"Q854","","20277597","سريلانكا","শ্রীলঙ্কা","Sri Lanka","Sri Lanka","Sri Lanka","Sri Lanka","Σρι Λάνκα","श्रीलंका","Srí Lanka","Sri Lanka","Sri Lanka","スリランカ","스리랑카","Sri Lanka","Sri Lanka","Sri Lanka","Шри-Ланка","Sri Lanka","Sri Lanka","Sri Lanka","斯里蘭卡"
"Q858","","22845550","سوريا","সিরিয়া","Syrien","Syria","Siria","Syrie","Συρία","सीरिया","Szíria","Suriah","Siria","シリア","시리아","Syrië","Syria","Síria","Сирия","Syrien","Suriye","Syria","叙利亚"
"Q863","","8610000","طاجيكستان","তাজিকিস্তান","Tadschikistan","Tajikistan","Tayikistán","Tadjikistan","Τατζικιστάν","ताजिकिस्तान","Tádzsikisztán","Tajikistan","Tagikistan","タジキスタン","타지키스탄","Tadzjikistan","Tadżykistan","Tajiquistão","Таджикистан","Tadzjikistan","Tacikistan","Tajikistan","塔吉克斯坦"
"Q865","","23508362","تايوان","তাইওয়ান","Taiwan","Taiwan","Taiwán","Taïwan","Δημοκρατία της Κίνας","चीनी गणराज्य","Kínai Köztársaság","Republik Tiongkok","Taiwan","中華民国","중화민국","Taiwan","Republika Chińska","Taiwan","Китайская Республика","Taiwan","Çin Cumhuriyeti","Đài Loan","中華民國"
"Q869","","65931550","تايلاند","থাইল্যান্ড","Thailand","Thailand","Tailandia","Thaïlande","Ταϊλάνδη","थाईलैण्ड","Thaiföld","Thailand","Thailandia","タイ王国","태국","Thailand","Tajlandia","Tailândia","Таиланд","Thailand","Tayland","Thái Lan","泰国"
"Q874","","5125693","تركمانستان","তুর্কমেনিস্তান","Turkmenistan","Turkmenistan","Turkmenistán","Turkménistan","Τουρκμενιστάν","तुर्कमेनिस्तान","Türkmenisztán","Turkmenistan","Turkmenistan","トルクメニスタン","투르크메니스탄","Turkmenistan","Turkmenistan","Turquemenistão","Туркмения","Turkmenistan","Türkmenistan","Turkmenistan","土库曼斯坦"
"Q881","","91700000","فيتنام","ভিয়েতনাম","Vietnam","Vietnam","Vietnam","Viêt Nam","Βιετνάμ","वियतनाम","Vietnám","Vietnam","Vietnam","ベトナム","베트남","Vietnam","Wietnam","Vietname","Вьетнам","Vietnam","Vietnam","Việt Nam","越南"
"Q878","","9346129","الإمارات العربية المتحدة","সংযুক্ত আরব আমিরাত","Vereinigte Arabische Emirate","United Arab Emirates","Emiratos Árabes Unidos","Émirats arabes unis","Ηνωμένα Αραβικά Εμιράτα","संयुक्त अरब अमीरात","Egyesült Arab Emírségek","Uni Emirat Arab","Emirati Arabi Uniti","アラブ首長国連邦","아랍에미리트","Verenigde Arabische Emiraten","Zjednoczone Emiraty Arabskie","Emirados Árabes Unidos","Объединённые Арабские Эмираты","Förenade Arabemiraten","Birleşik Arap Emirlikleri","Các Tiểu vương quốc Ả Rập Thống nhất","阿拉伯联合酋长国"
"Q884","","51069375","كوريا الجنوبية","দক্ষিণ কোরিয়া","Südkorea","South Korea","Corea del Sur","Corée du Sud","Νότια Κορέα","दक्षिण कोरिया","Dél-Korea","Korea Selatan","Corea del Sud","大韓民国","대한민국","Zuid-Korea","Korea Południowa","Coreia do Sul","Республика Корея","Sydkorea","Güney Kore","Hàn Quốc","大韩民国"
"Q889","","31822848","أفغانستان","আফগানিস্তান","Afghanistan","Afghanistan","Afganistán","Afghanistan","Αφγανιστάν","अफ़्गानिस्तान","Afganisztán","Afganistan","Afghanistan","アフガニスタン","아프가니스탄","Afghanistan","Afganistan","Afeganistão","Афганистан","Afghanistan","Afganistan","Afghanistan","阿富汗"
"Q902","","156594962","بنغلاديش","বাংলাদেশ","Bangladesch","Bangladesh","Bangladés","Bangladesh","Μπανγκλαντές","बांग्लादेश","Banglades","Bangladesh","Bangladesh","バングラデシュ","방글라데시","Bangladesh","Bangladesz","Bangladesh","Бангладеш","Bangladesh","Bangladeş","Bangladesh","孟加拉国"
"Q912","","15301650","مالي","মালি","Mali","Mali","Malí","Mali","Μάλι","माली","Mali","Mali","Mali","マリ共和国","말리","Mali","Mali","Mali","Мали","Mali","Mali","Mali","马里共和国"
"Q916","","21471618","أنغولا","অ্যাঙ্গোলা","Angola","Angola","Angola","Angola","Ανγκόλα","अंगोला","Angola","Angola","Angola","アンゴラ","앙골라","Angola","Angola","Angola","Ангола","Angola","Angola","Angola","安哥拉"
"Q9143535","","","","","Akrotiri","Akrotiri","","","","","Akrotíri","","","","","","Akrotiri","","","","","",""
"Q9206745","","","ديكيليا كانتونمنت","দেখেলিয়া ক্যান্টনমেন্ট","Dekelia","Dhekelia Cantonment","Dekelia","Dhekelia","Ντεκέλια Κάντονμεντ","ढेकेलिया छावनी","Dekélia","Dhekelia Cantonment","Base di Dhekelia","デケリア","데켈리아 지역","Dhekelia Cantonment","Dhekelia","Dekelia","Декелия","Dhekelia","Dhekelia Kantonu","Căn cứ quân sự Dhekelia",""
"Q762570","","","قاعدة غوانتانامو","গুয়ানতানামো বে কারাগার নৌবাহিনী বেস","Guantanamo Bay Naval Base","Guantanamo Bay Naval Base","Base Naval de la Bahía de Guantánamo","base navale de la baie de Guantánamo","Ναυτική Βάση του Κόλπου του Γκουαντάναμο","ग्वांटानैमो खाड़ी नौसेना बेस","guantánamói haditengerészeti támaszpont","Pangkalan Laut Teluk Guantanamo","Base navale di Guantanamo","グァンタナモ米軍基地","관타나모 만 해군 기지","Guantánamo Bay","Naval Station Guantanamo Bay","Base Naval da Baía de Guantánamo","Военная база Гуантанамо","Guantánamobasen","Guantanamo Bay","Căn cứ Hải quân vịnh Guantánamo",""
"Q16","","35702707","كندا","কানাডা","Kanada","Canada","Canadá","Canada","Καναδάς","कनाडा","Kanada","Kanada","Canada","カナダ","캐나다","Canada","Kanada","Canadá","Канада","Kanada","Kanada","Canada","加拿大"
"Q734","","799613","غيانا","গায়ানা","Guyana","Guyana","Guyana","Guyana","Γουιάνα","गयाना","Guyana","Guyana","Guyana","ガイアナ","가이아나","Guyana","Gujana","Guiana","Гайана","Guyana","Guyana","Guyana","圭亚那"
"Q17","","127110047","اليابان","জাপান","Japan","Japan","Japón","Japon","Ιαπωνία","जापान","Japán","Jepang","Giappone","日本","일본","Japan","Japonia","Japão","Япония","Japan","Japonya","Nhật Bản","日本"
"Q739","","47704427","كولومبيا","কলম্বিয়া","Kolumbien","Colombia","Colombia","Colombie","Κολομβία","कोलम्बिया","Kolumbia","Kolombia","Colombia","コロンビア","콜롬비아","Colombia","Kolumbia","Colômbia","Колумбия","Colombia","Kolombiya","Colombia","哥伦比亚"
"Q736","","15737878","الإكوادور","ইকুয়েডর","Ecuador","Ecuador","Ecuador","Équateur","Εκουαδόρ","ईक्वाडोर","Ecuador","Ekuador","Ecuador","エクアドル","에콰도르","Ecuador","Ekwador","Equador","Эквадор","Ecuador","Ekvador","Ecuador","厄瓜多尔"
"Q750","","10671200","بوليفيا","বলিভিয়া","Bolivien","Bolivia","Bolivia","Bolivie","Βολιβία","बोलिविया","Bolívia","Bolivia","Bolivia","ボリビア","볼리비아","Bolivia","Boliwia","Bolívia","Боливия","Bolivia","Bolivya","Bolivia","玻利維亞"
"Q754","","1341151","ترينيداد وتوباغو","ত্রিনিদাদ ও টোবাগো","Trinidad und Tobago","Trinidad and Tobago","Trinidad y Tobago","Trinité-et-Tobago","Τρινιντάντ και Τομπάγκο","त्रिनिदाद और टोबैगो","Trinidad és Tobago","Trinidad dan Tobago","Trinidad e Tobago","トリニダード・トバゴ","트리니다드 토바고","Trinidad en Tobago","Trynidad i Tobago","Trinidad e Tobago","Тринидад и Тобаго","Trinidad och Tobago","Trinidad ve Tobago","Trinidad và Tobago","千里達及托巴哥"
"Q20","","5213985","النرويج","নরওয়ে","Norwegen","Norway","Noruega","Norvège","Νορβηγία","नॉर्वे","Norvégia","Norwegia","Norvegia","ノルウェー","노르웨이","Noorwegen","Norwegia","Noruega","Норвегия","Norge","Norveç","Na Uy","挪威"
"Q760","","182273","سانت لوسيا","সেন্ট লুসিয়া","St. Lucia","Saint Lucia","Santa Lucía","Sainte-Lucie","Αγία Λουκία","सेंट लूसिया","Saint Lucia","Saint Lucia","Saint Lucia","セントルシア","세인트루시아","Saint Lucia","Saint Lucia","Santa Lúcia","Сент-Люсия","Saint Lucia","Saint Lucia","Saint Lucia","圣卢西亚"
"Q757","","109373","سانت فينسنت والغرينادين","সেন্ট ভিনসেন্ট ও গ্রেনাডাইন দ্বীপপুঞ্জ","St. Vincent und die Grenadinen","Saint Vincent and the Grenadines","San Vicente y las Granadinas","Saint-Vincent-et-les-Grenadines","Άγιος Βικέντιος και Γρεναδίνες","सन्त विन्सेण्ट और ग्रेनाडाइन्स","Saint Vincent és a Grenadine-szigetek","Saint Vincent dan Grenadines","Saint Vincent e Grenadine","セントビンセント・グレナディーン","세인트빈센트 그레나딘","Saint Vincent en de Grenadines","Saint Vincent i Grenadyny","São Vicente e Granadinas","Сент-Винсент и Гренадины","Saint Vincent och Grenadinerna","Saint Vincent ve Grenadinler","Saint Vincent và Grenadines","圣文森特和格林纳丁斯"
"Q28","","9817958","المجر","হাঙ্গেরি","Ungarn","Hungary","Hungría","Hongrie","Ουγγαρία","हंगरी","Magyarország","Hongaria","Ungheria","ハンガリー","헝가리","Hongarije","Węgry","Hungria","Венгрия","Ungern","Macaristan","Hungary","匈牙利"
"Q27","","4588252","جمهورية أيرلندا","প্রজাতন্ত্রী আয়ারল্যান্ড","Irland","Ireland","Irlanda","Irlande","Δημοκρατία της Ιρλανδίας","आयरलैण्ड","Írország","Republik Irlandia","Irlanda","アイルランド","아일랜드","Ierland","Irlandia","República da Irlanda","Ирландия","Irland","İrlanda","Cộng hòa Ireland","爱尔兰共和国"
"Q769","","105897","غرينادا","গ্রেনাডা","Grenada","Grenada","Granada","Grenade","Γρενάδα","ग्रेनाडा","Grenada","Grenada","Grenada","グレナダ","그레나다","Grenada","Grenada","Granada","Гренада","Grenada","Grenada","Grenada","格林纳达"
"Q774","","15468203","غواتيمالا","গুয়াতেমালা","Guatemala","Guatemala","Guatemala","Guatemala","Γουατεμάλα","ग्वाटेमाला","Guatemala","Guatemala","Guatemala","グアテマラ","과테말라","Guatemala","Gwatemala","Guatemala","Гватемала","Guatemala","Guatemala","Guatemala","危地马拉"
"Q778","","377374","باهاماس","বাহামা দ্বীপপুঞ্জ","Bahamas","The Bahamas","Bahamas","Bahamas","Μπαχάμες","बहामास","Bahama-szigetek","Bahama","Bahama","バハマ","바하마","Bahama's","Bahamy","Bahamas","Багамские Острова","Bahamas","Bahamalar","Bahamas","巴哈马"
"Q29","","46528024","إسبانيا","স্পেন","Spanien","Spain","España","Espagne","Ισπανία","स्पेन","Spanyolország","Spanyol","Spagna","スペイン","스페인","Spanje","Hiszpania","Espanha","Испания","Spanien","İspanya","Tây Ban Nha","西班牙"
"Q30","","323952889","الولايات المتحدة","মার্কিন যুক্তরাষ্ট্র","Vereinigte Staaten","United States of America","Estados Unidos","États-Unis","Ηνωμένες Πολιτείες Αμερικής","संयुक्त राज्य अमेरिका","Amerikai Egyesült Államok","Amerika Serikat","Stati Uniti d'America","アメリカ合衆国","미국","Verenigde Staten van Amerika","Stany Zjednoczone","Estados Unidos","Соединённые Штаты Америки","USA","Amerika Birleşik Devletleri","Hoa Kỳ","美国"
"Q786","","10403761","جمهورية الدومينيكان","ডোমিনিকান প্রজাতন্ত্র","Dominikanische Republik","Dominican Republic","República Dominicana","République dominicaine","Δομινικανή Δημοκρατία","डोमिनिकन गणराज्य","Dominikai Köztársaság","Republik Dominika","Repubblica Dominicana","ドミニカ共和国","도미니카 공화국","Dominicaanse Republiek","Dominikana","República Dominicana","Доминиканская Республика","Dominikanska republiken","Dominik Cumhuriyeti","Cộng hòa Dominica","多明尼加"
"Q783","","8097688","هندوراس","হন্ডুরাস","Honduras","Honduras","Honduras","Honduras","Ονδούρα","हौण्डुरस","Honduras","Honduras","Honduras","ホンジュラス","온두라스","Honduras","Honduras","Honduras","Гондурас","Honduras","Honduras","Honduras","洪都拉斯"
"Q31","","11150516","بلجيكا","বেলজিয়াম","Belgien","Belgium","Bélgica","Belgique","Βέλγιο","बेल्जियम","Belgium","Belgia","Belgio","ベルギー","벨기에","België","Belgia","Bélgica","Бельгия","Belgien","Belçika","Bỉ","比利时"
"Q792","","6340454","السلفادور","এল সালভাদোর","El Salvador","El Salvador","El Salvador","Salvador","Ελ Σαλβαδόρ","अल साल्वाडोर","El Salvador","El Salvador","El Salvador","エルサルバドル","엘살바도르","El Salvador","Salwador","El Salvador","Сальвадор","El Salvador","El Salvador","El Salvador","萨尔瓦多"
"Q790","","10317461","هايتي","হাইতি","Haiti","Haiti","Haití","Haïti","Αϊτή","हैती","Haiti","Haiti","Haiti","ハイチ","아이티","Haïti","Haiti","Haiti","Республика Гаити","Haiti","Haiti","Haiti","海地"
"Q32","","543360","لوكسمبورغ","লুক্সেমবুর্গ","Luxemburg","Luxembourg","Luxemburgo","Luxembourg","Λουξεμβούργο","लक्ज़मबर्ग","Luxemburg","Luksemburg","Lussemburgo","ルクセンブルク","룩셈부르크","Luxemburg","Luksemburg","Luxemburgo","Люксембург","Luxemburg","Lüksemburg","Luxembourg","卢森堡"
"Q796","","33417476","العراق","ইরাক","Irak","Iraq","Irak","Irak","Ιράκ","इराक़","Irak","Irak","Iraq","イラク","이라크","Irak","Irak","Iraque","Ирак","Irak","Irak","Iraq","伊拉克"
"Q794","","77447168","إيران","ইরান","Iran","Iran","Irán","Iran","Ιράν","ईरान","Irán","Iran","Iran","イラン","이란","Iran","Iran","Irão","Иран","Iran","İran","Iran","伊朗"
"Q34","","9954420","السويد","সুইডেন","Schweden","Sweden","Suecia","Suède","Σουηδία","स्वीडन","Svédország","Swedia","Svezia","スウェーデン","스웨덴","Zweden","Szwecja","Suécia","Швеция","Sverige","İsveç","Thụy Điển","瑞典"
"Q33","","5501043","فنلندا","ফিনল্যান্ড","Finnland","Finland","Finlandia","Finlande","Φινλανδία","फ़िनलैण्ड","Finnország","Finlandia","Finlandia","フィンランド","핀란드","Finland","Finlandia","Finlândia","Финляндия","Finland","Finlandiya","Phần Lan","芬兰"
"Q35","","5707251","الدنمارك","ডেনমার্ক","Dänemark","Denmark","Dinamarca","Danemark","Δανία","डेनमार्क","Dánia","Denmark","Danimarca","デンマーク","덴마크","Denemarken","Dania","Dinamarca","Дания","Danmark","Danimarka","Đan Mạch","丹麦"
"Q801","","8796200","إسرائيل","ইসরায়েল","Israel","Israel","Israel","Israël","Ισραήλ","इज़राइल","Izrael","Israel","Israele","イスラエル","이스라엘","Israël","Izrael","Israel","Израиль","Israel","İsrail","Israel","以色列"
"Q800","","4872166","كوستاريكا","কোস্টা রিকা","Costa Rica","Costa Rica","Costa Rica","Costa Rica","Κόστα Ρίκα","कोस्टा रीका","Costa Rica","Kosta Rika","Costa Rica","コスタリカ","코스타리카","Costa Rica","Kostaryka","Costa Rica","Коста-Рика","Costa Rica","Kosta Rika","Costa Rica","哥斯达黎加"
"Q804","","3864170","بنما","পানামা","Panama","Panama","Panamá","Panama","Παναμάς","पनामा","Panama","Panama","Panama","パナマ","파나마","Panama","Panama","Panamá","Панама","Panama","Panama","Panama","巴拿马"
"Q37","","2810118","ليتوانيا","লিথুয়ানিয়া","Litauen","Lithuania","Lituania","Lituanie","Λιθουανία","लिथुआनिया","Litvánia","Lituania","Lituania","リトアニア","리투아니아","Litouwen","Litwa","Lituânia","Литва","Litauen","Litvanya","Litva","立陶宛"
"Q36","","38454576","بولندا","পোল্যান্ড","Polen","Poland","Polonia","Pologne","Πολωνία","पोलैंड","Lengyelország","Polandia","Polonia","ポーランド","폴란드","Polen","Polska","Polónia","Польша","Polen","Polonya","Ba Lan","波兰"
"Q805","","26183676","اليمن","ইয়েমেন","Jemen","Yemen","Yemen","Yémen","Υεμένη","यमन","Jemen","Yaman","Yemen","イエメン","예멘","Jemen","Jemen","Iémen","Йемен","Jemen","Yemen","Yemen","也门"
"Q810","","9813095","الأردن","জর্দান","Jordanien","Jordan","Jordania","Jordanie","Ιορδανία","जॉर्डन","Jordánia","Yordania","Giordania","ヨルダン","요르단","Jordanië","Jordania","Jordânia","Иордания","Jordanien","Ürdün","Jordan","约旦"
"Q811","","6080478","نيكاراغوا","নিকারাগুয়া","Nicaragua","Nicaragua","Nicaragua","Nicaragua","Νικαράγουα","निकारागुआ","Nicaragua","Nikaragua","Nicaragua","ニカラグア","니카라과","Nicaragua","Nikaragua","Nicarágua","Никарагуа","Nicaragua","Nikaragua","Nicaragua","尼加拉瓜"
"Q38","","60599936","إيطاليا","ইতালি","Italien","Italy","Italia","Italie","Ιταλία","इटली","Olaszország","Italia","Italia","イタリア","이탈리아","Italië","Włochy","Itália","Италия","Italien","İtalya","Ý","意大利"
"Q813","","6000000","قيرغيزستان","কির্গিজস্তান","Kirgisistan","Kyrgyzstan","Kirguistán","Kirghizistan","Κιργιζία","किर्गिज़स्तान","Kirgizisztán","Kirgizstan","Kirghizistan","キルギス","키르기스스탄","Kirgizië","Kirgistan","Quirguistão","Киргизия","Kirgizistan","Kırgızistan","Kyrgyzstan","吉尔吉斯斯坦"
"Q39","","8211700","سويسرا","সুইজারল্যান্ড","Schweiz","Switzerland","Suiza","Suisse","Ελβετία","स्विट्ज़रलैण्ड","Svájc","Swiss","Svizzera","スイス","스위스","Zwitserland","Szwajcaria","Suíça","Швейцария","Schweiz","İsviçre","Thụy Sĩ","瑞士"
"Q817","","4660000","الكويت","কুয়েত","Kuwait","Kuwait","Kuwait","Koweït","Κουβέιτ","कुवैत","Kuvait","Kuwait","Kuwait","クウェート","쿠웨이트","Koeweit","Kuwejt","Kuwait","Кувейт","Kuwait","Kuveyt","Kuwait","科威特"
"Q819","","6769727","لاوس","লাওস","Laos","Laos","Laos","Laos","Λάος","लाओस","Laosz","Laos","Laos","ラオス","라오스","Laos","Laos","Laos","Лаос","Laos","Laos","Lào","老挝"
"Q40","","8572895","النمسا","অস্ট্রিয়া","Österreich","Austria","Austria","Autriche","Αυστρία","ऑस्ट्रिया","Ausztria","Austria","Austria","オーストリア","오스트리아","Oostenrijk","Austria","Áustria","Австрия","Österrike","Avusturya","Áo","奥地利"
"Q822","","4467390","لبنان","লেবানন","Libanon","Lebanon","Líbano","Liban","Λίβανος","लेबनान","Libanon","Lebanon","Libano","レバノン","레바논","Libanon","Liban","Líbano","Ливан","Libanon","Lübnan","Liban","黎巴嫩"
"Q43","","76223639","تركيا","তুরস্ক","Türkei","Turkey","Turquía","Turquie","Τουρκία","तुर्की","Törökország","Turki","Turchia","トルコ","터키","Turkije","Turcja","Turquia","Турция","Turkiet","Türkiye","Thổ Nhĩ Kỳ","土耳其"
"Q41","","10815197","اليونان","গ্রিস","Griechenland","Greece","Grecia","Grèce","Ελλάδα","यूनान","Görögország","Yunani","Grecia","ギリシャ","그리스","Griekenland","Grecja","Grécia","Греция","Grekland","Yunanistan","Hy Lạp","希腊"
"Q833","","29716965","ماليزيا","মালয়েশিয়া","Malaysia","Malaysia","Malasia","Malaisie","Μαλαισία","मलेशिया","Malajzia","Malaysia","Malesia","マレーシア","말레이시아","Maleisië","Malezja","Malásia","Малайзия","Malaysia","Malezya","Malaysia","马来西亚"
"Q45","","10457295","البرتغال","পর্তুগাল","Portugal","Portugal","Portugal","Portugal","Πορτογαλία","पुर्तगाल","Portugália","Portugal","Portogallo","ポルトガル","포르투갈","Portugal","Portugalia","Portugal","Португалия","Portugal","Portekiz","Bồ Đào Nha","葡萄牙"
"Q836","","53259018","ميانمار","মায়ানমার","Myanmar","Myanmar","Birmania","Birmanie","Μιανμάρ","म्यान्मार","Mianmar","Myanmar","Birmania","ミャンマー","미얀마","Myanmar","Mjanma","Mianmar","Мьянма","Burma","Myanmar","Myanma","缅甸"
"Q837","","30986975","نيبال","নেপাল","Nepal","Nepal","Nepal","Népal","Νεπάλ","नेपाल","Nepál","Nepal","Nepal","ネパール","네팔","Nepal","Nepal","Nepal","Непал","Nepal","Nepal","Nepal","尼泊尔"
"Q842","","3632444","سلطنة عمان","ওমান","Oman","Oman","Omán","Oman","Ομάν","ओमान","Omán","Oman","Oman","オマーン","오만","Oman","Oman","Omã","Оман","Oman","Umman","Oman","阿曼"
"Q55","","17000000","هولندا","নেদারল্যান্ডস","Niederlande","Netherlands","Países Bajos","Pays-Bas","Ολλανδία","नीदरलैण्ड","Hollandia","Belanda","Paesi Bassi","オランダ","네덜란드","Nederland","Holandia","Países Baixos","Нидерланды","Nederländerna","Hollanda","Hà Lan","荷蘭"
"Q51","","5000","أنتاركتيكا","অ্যান্টার্কটিকা","Antarktika","Antarctica","Antártida","Antarctique","Ανταρκτική","अंटार्कटिका","Antarktika","Antartika","Antartide","南極大陸","남극","Antarctica","Antarktyda","Antártida","Антарктида","Antarktis","Antarktika","Châu Nam Cực","南极洲"
"Q843","","182142594","باكستان","পাকিস্তান","Pakistan","Pakistan","Pakistán","Pakistan","Πακιστάν","पाकिस्तान","Pakisztán","Pakistan","Pakistan","パキスタン","파키스탄","Pakistan","Pakistan","Paquistão","Пакистан","Pakistan","Pakistan","Pakistan","巴基斯坦"
"Q77","","3407062","الأوروغواي","উরুগুয়ে","Uruguay","Uruguay","Uruguay","Uruguay","Ουρουγουάη","उरुग्वे","Uruguay","Uruguay","Uruguay","ウルグアイ","우루과이","Uruguay","Urugwaj","Uruguai","Уругвай","Uruguay","Uruguay","Uruguay","乌拉圭"
"Q846","","2168673","قطر","কাতার","Katar","Qatar","Catar","Qatar","Κατάρ","क़तर","Katar","Qatar","Qatar","カタール","카타르","Qatar","Katar","Catar","Катар","Qatar","Katar","Qatar","卡塔尔"
"Q79","","94798827","مصر","মিশর","Ägypten","Egypt","Egipto","Égypte","Αίγυπτος","मिस्र","Egyiptom","Mesir","Egitto","エジプト","이집트","Egypte","Egipt","Egito","Египет","Egypten","Mısır","Ai Cập","埃及"
"Q851","","28828870","المملكة العربية السعودية","সৌদি আরব","Saudi-Arabien","Saudi Arabia","Arabia Saudita","Arabie saoudite","Σαουδική Αραβία","सउदी अरब","Szaúd-Arábia","Arab Saudi","Arabia Saudita","サウジアラビア","사우디아라비아","Saoedi-Arabië","Arabia Saudyjska","Arábia Saudita","Саудовская Аравия","Saudiarabien","Suudi Arabistan","Ả Rập Saudi","沙特阿拉伯"
"Q96","","130526945","المكسيك","মেক্সিকো","Mexiko","Mexico","México","Mexique","Μεξικό","मेक्सिको","Mexikó","Meksiko","Messico","メキシコ","멕시코","Mexico","Meksyk","México","Мексика","Mexiko","Meksika","México","墨西哥"
"Q917","","753947","بوتان","ভূটান","Bhutan","Bhutan","Bután","Bhoutan","Μπουτάν","भूटान","Bhután","Bhutan","Bhutan","ブータン","부탄","Bhutan","Bhutan","Butão","Бутан","Bhutan","Bhutan","Bhutan","不丹"
"Q114","","44353691","كينيا","কেনিয়া","Kenia","Kenya","Kenia","Kenya","Κένυα","कीनिया","Kenya","Kenya","Kenya","ケニア","케냐","Kenia","Kenia","Quénia","Кения","Kenya","Kenya","Kenya","肯尼亚"
"Q921","","417784","بروناي","ব্রুনাই","Brunei","Brunei","Brunéi","Brunei","Μπρουνέι","ब्रुनेई","Brunei","Brunei Darussalam","Brunei","ブルネイ","브루나이","Brunei","Brunei","Brunei","Бруней","Brunei","Brunei","Brunei","文莱"
"Q924","","49253126","تنزانيا","তানজানিয়া","Tansania","Tanzania","Tanzania","Tanzanie","Τανζανία","तंज़ानिया","Tanzánia","Tanzania","Tanzania","タンザニア","탄자니아","Tanzania","Tanzania","Tanzânia","Танзания","Tanzania","Tanzanya","Tanzania","坦桑尼亚"
"Q115","","96958732","إثيوبيا","ইথিওপিয়া","Äthiopien","Ethiopia","Etiopía","Éthiopie","Αιθιοπία","इथियोपिया","Etiópia","Ethiopia","Etiopia","エチオピア","에티오피아","Ethiopië","Etiopia","Etiópia","Эфиопия","Etiopien","Etiyopya","Ethiopia","埃塞俄比亚"
"Q928","","100981437","الفلبين","ফিলিপাইন","Philippinen","Philippines","Filipinas","Philippines","Φιλιππίνες","फ़िलीपीन्स","Fülöp-szigetek","Filipina","Filippine","フィリピン","필리핀","Filipijnen","Filipiny","Filipinas","Филиппины","Filippinerna","Filipinler","Philippines","菲律宾"
"Q142","","66628000","فرنسا","ফ্রান্স","Frankreich","France","Francia","France","Γαλλία","फ़्रान्स","Franciaország","Perancis","Francia","フランス","프랑스","Frankrijk","Francja","França","Франция","Frankrike","Fransa","Pháp","法国"
"Q117","","28308301","غانا","ঘানা","Ghana","Ghana","Ghana","Ghana","Γκάνα","घाना","Ghána","Ghana","Ghana","ガーナ","가나","Ghana","Ghana","Gana","Гана","Ghana","Gana","Ghana","迦納"
"Q945","","6816982","توغو","টোগো","Togo","Togo","Togo","Togo","Τόγκο","टोगो","Togo","Togo","Togo","トーゴ","토고","Togo","Togo","Togo","Того","Togo","Togo","Togo","多哥"
"Q929","","4616417","جمهورية أفريقيا الوسطى","মধ্য আফ্রিকান প্রজাতন্ত্র","Zentralafrikanische Republik","Central African Republic","República Centroafricana","République centrafricaine","Κεντροαφρικανική Δημοκρατία","मध्य अफ़्रीकी गणराज्य","Közép-afrikai Köztársaság","Republik Afrika Tengah","Repubblica Centrafricana","中央アフリカ共和国","중앙아프리카 공화국","Centraal-Afrikaanse Republiek","Republika Środkowoafrykańska","República Centro-Africana","Центральноафриканская Республика","Centralafrikanska republiken","Orta Afrika Cumhuriyeti","Cộng hòa Trung Phi","中非共和國"
"Q145","","65102385","المملكة المتحدة","যুক্তরাজ্য","Vereinigtes Königreich","United Kingdom","Reino Unido","Royaume-Uni","Ηνωμένο Βασίλειο","यूनाइटेड किंगडम","Egyesült Királyság","Britania Raya","Regno Unito","イギリス","영국","Verenigd Koninkrijk","Wielka Brytania","Reino Unido","Великобритания","Storbritannien","Birleşik Krallık","Vương quốc Liên hiệp Anh và Bắc Ireland","英国"
"Q948","","11304500","تونس","তিউনিসিয়া","Tunesien","Tunisia","Túnez","Tunisie","Τυνησία","ट्यूनिशिया","Tunézia","Tunisia","Tunisia","チュニジア","튀니지","Tunesië","Tunezja","Tunísia","Тунис","Tunisien","Tunus","Tunisia","突尼西亞"
"Q953","","14309466","زامبيا","জাম্বিয়া","Sambia","Zambia","Zambia","Zambie","Ζάμπια","ज़ाम्बिया","Zambia","Zambia","Zambia","ザンビア","잠비아","Zambia","Zambia","Zâmbia","Замбия","Zambia","Zambiya","Zambia","赞比亚"
"Q148","","1409517397","جمهورية الصين الشعبية","গণপ্রজাতন্ত্রী চীন","Volksrepublik China","People's Republic of China","República Popular China","République populaire de Chine","Λαϊκή Δημοκρατία της Κίνας","चीनी जनवादी गणराज्य","Kína","Republik Rakyat Tiongkok","Cina","中華人民共和国","중화인민공화국","Volksrepubliek China","Chińska Republika Ludowa","China","Китайская Народная Республика","Kina","Çin Halk Cumhuriyeti","Cộng hòa Nhân dân Trung Hoa","中华人民共和国"
"Q155","","200361925","البرازيل","ব্রাজিল","Brasilien","Brazil","Brasil","Brésil","Βραζιλία","ब्राज़ील","Brazília","Brasil","Brasile","ブラジル","브라질","Brazilië","Brazylia","Brasil","Бразилия","Brasilien","Brezilya","Brasil","巴西"
"Q954","","14149648","زيمبابوي","জিম্বাবুয়ে","Simbabwe","Zimbabwe","Zimbabue","Zimbabwe","Ζιμπάμπουε","ज़िम्बाब्वे","Zimbabwe","Zimbabwe","Zimbabwe","ジンバブエ","짐바브웨","Zimbabwe","Zimbabwe","Zimbábue","Зимбабве","Zimbabwe","Zimbabve","Zimbabwe","辛巴威"
"Q958","","12340000","جنوب السودان","দক্ষিণ সুদান","Südsudan","South Sudan","Sudán del Sur","Soudan du Sud","Νότιο Σουδάν","दक्षिण सूडान","Dél-Szudán","Sudan Selatan","Sudan del Sud","南スーダン","남수단","Zuid-Soedan","Sudan Południowy","Sudão do Sul","Южный Судан","Sydsudan","Güney Sudan","Nam Sudan","南苏丹"
"Q159","","146804372","روسيا","রাশিয়া","Russland","Russia","Rusia","Russie","Ρωσία","रूस","Oroszország","Rusia","Russia","ロシア","러시아","Rusland","Rosja","Rússia","Россия","Ryssland","Rusya","Nga","俄罗斯"
"Q962","","10323474","بنين","বেনিন","Benin","Benin","Benín","Bénin","Μπενίν","बेनिन","Benin","Benin","Benin","ベナン","베냉","Benin","Benin","Benim","Бенин","Benin","Benin","Bénin","贝宁"
"Q183","","81292400","ألمانيا","জার্মানি","Deutschland","Germany","Alemania","Allemagne","Γερμανία","जर्मनी","Németország","Jerman","Germania","ドイツ","독일","Duitsland","Niemcy","Alemanha","Германия","Tyskland","Almanya","Đức","德国"
"Q963","","2021144","بوتسوانا","বতসোয়ানা","Botswana","Botswana","Botsuana","Botswana","Μποτσουάνα","बोत्सवाना","Botswana","Botswana","Botswana","ボツワナ","보츠와나","Botswana","Botswana","Botsuana","Ботсвана","Botswana","Botsvana","Botswana","波札那"
"Q184","","9494200","روسيا البيضاء","বেলারুশ","Weißrussland","Belarus","Bielorrusia","Biélorussie","Λευκορωσία","बेलारूस","Fehéroroszország","Belarus","Bielorussia","ベラルーシ","벨라루스","Wit-Rusland","Białoruś","Bielorrússia","Белоруссия","Vitryssland","Beyaz Rusya","Belarus","白罗斯"
"Q965","","16934839","بوركينا فاسو","বুর্কিনা ফাসো","Burkina Faso","Burkina Faso","Burkina Faso","Burkina Faso","Μπουρκίνα Φάσο","बुर्किना फासो","Burkina Faso","Burkina Faso","Burkina Faso","ブルキナファソ","부르키나파소","Burkina Faso","Burkina Faso","Burkina Faso","Буркина-Фасо","Burkina Faso","Burkina Faso","Burkina Faso","布吉納法索"
"Q189","","332529","آيسلندا","আইসল্যান্ড","Island","Iceland","Islandia","Islande","Ισλανδία","आइसलैण्ड","Izland","Islandia","Islanda","アイスランド","아이슬란드","IJsland","Islandia","Islândia","Исландия","Island","İzlanda","Iceland","冰岛"
"Q967","","10162532","بوروندي","বুরুন্ডি","Burundi","Burundi","Burundi","Burundi","Μπουρούντι","बुरुण्डी","Burundi","Burundi","Burundi","ブルンジ","부룬디","Burundi","Burundi","Burundi","Бурунди","Burundi","Burundi","Burundi","蒲隆地"
"Q191","","1315635","إستونيا","এস্তোনিয়া","Estland","Estonia","Estonia","Estonie","Εσθονία","एस्टोनिया","Észtország","Estonia","Estonia","エストニア","에스토니아","Estland","Estonia","Estónia","Эстония","Estland","Estonya","Estonia","爱沙尼亚"
"Q971","","4447632","جمهورية الكونغو","কঙ্গো প্রজাতন্ত্র","Republik Kongo","Republic of the Congo","República del Congo","République du Congo","Δημοκρατία του Κονγκό","कांगो गणराज्य","Kongói Köztársaság","Republik Kongo","Repubblica del Congo","コンゴ共和国","콩고 공화국","Republiek Congo","Kongo","Congo","Республика Конго","Kongo-Brazzaville","Kongo Cumhuriyeti","Cộng hòa Congo","刚果共和国"
"Q211","","1953000","لاتفيا","লাতভিয়া","Lettland","Latvia","Letonia","Lettonie","Λετονία","लातविया","Lettország","Latvia","Lettonia","ラトビア","라트비아","Letland","Łotwa","Letónia","Латвия","Lettland","Letonya","Latvia","拉脫維亞"
"Q974","","67513677","جمهورية الكونغو الديمقراطية","গণতান্ত্রিক কঙ্গো প্রজাতন্ত্র","Demokratische Republik Kongo","Democratic Republic of the Congo","República Democrática del Congo","République démocratique du Congo","Λαϊκή Δημοκρατία του Κονγκό","कांगो लोकतान्त्रिक गणराज्य","Kongói Demokratikus Köztársaság","Republik Demokratik Kongo","Repubblica Democratica del Congo","コンゴ民主共和国","콩고 민주 공화국","Congo-Kinshasa","Demokratyczna Republika Konga","República Democrática do Congo","Демократическая Республика Конго","Kongo-Kinshasa","Demokratik Kongo Cumhuriyeti","Cộng hòa Dân chủ Congo","刚果民主共和国"
"Q213","","10610055","التشيك","চেক প্রজাতন্ত্র","Tschechien","Czech Republic","República Checa","République tchèque","Τσεχία","चेक गणराज्य","Csehország","Republik Ceko","Repubblica Ceca","チェコ","체코","Tsjechië","Czechy","República Checa","Чехия","Tjeckien","Çek Cumhuriyeti","Cộng hòa Séc","捷克"
"Q212","","42558328","أوكرانيا","ইউক্রেন","Ukraine","Ukraine","Ucrania","Ukraine","Ουκρανία","युक्रेन","Ukrajna","Ukraina","Ucraina","ウクライナ","우크라이나","Oekraïne","Ukraina","Ucrânia","Украина","Ukraina","Ukrayna","Ukraina","乌克兰"
"Q977","","872932","جيبوتي","জিবুতি","Dschibuti","Djibouti","Yibuti","Djibouti","Τζιμπουτί","जिबूती","Dzsibuti","Djibouti","Gibuti","ジブチ","지부티","Djibouti","Dżibuti","Djibouti","Джибути","Djibouti","Cibuti","Djibouti","吉布提"
"Q983","","757014","غينيا الاستوائية","বিষুবীয় গিনি","Äquatorialguinea","Equatorial Guinea","Guinea Ecuatorial","Guinée équatoriale","Ισημερινή Γουινέα","भूमध्यरेखीय गिनी","Egyenlítői-Guinea","Guinea Khatulistiwa","Guinea Equatoriale","赤道ギニア","적도 기니","Equatoriaal-Guinea","Gwinea Równikowa","Guiné Equatorial","Экваториальная Гвинея","Ekvatorialguinea","Ekvator Ginesi","Guinea Xích Đạo","赤道几内亚"
"Q986","","6333135","إرتريا","ইরিত্রিয়া","Eritrea","Eritrea","Eritrea","Érythrée","Ερυθραία","इरित्रिया","Eritrea","Eritrea","Eritrea","エリトリア","에리트레아","Eritrea","Erytrea","Eritreia","Эритрея","Eritrea","Eritre","Eritrea","厄立特里亚"
"Q214","","5426252","سلوفاكيا","স্লোভাকিয়া","Slowakei","Slovakia","Eslovaquia","Slovaquie","Σλοβακία","स्लोवाकिया","Szlovákia","Slowakia","Slovacchia","スロバキア","슬로바키아","Slowakije","Słowacja","Eslováquia","Словакия","Slovakien","Slovakya","Slovakia","斯洛伐克"
"Q215","","2062874","سلوفينيا","স্লোভেনিয়া","Slowenien","Slovenia","Eslovenia","Slovénie","Σλοβενία","स्लोवेनिया","Szlovénia","Slovenia","Slovenia","スロベニア","슬로베니아","Slovenië","Słowenia","Eslovénia","Словения","Slovenien","Slovenya","Slovenia","斯洛文尼亚"
"Q1000","","1671711","الغابون","গ্যাবন","Gabun","Gabon","Gabón","Gabon","Γκαμπόν","गबॉन","Gabon","Gabon","Gabon","ガボン","가봉","Gabon","Gabon","Gabão","Габон","Gabon","Gabon","Gabon","加蓬"
"Q1005","","1849285","غامبيا","গাম্বিয়া","Gambia","The Gambia","Gambia","Gambie","Γκάμπια","गाम्बिया","Gambia","Gambia","Gambia","ガンビア","감비아","Gambia","Gambia","Gâmbia","Гамбия","Gambia","Gambiya","Gambia","冈比亚"
"Q217","","2550900","مولدافيا","মলদোভা","Republik Moldau","Moldova","Moldavia","Moldavie","Μολδαβία","मॉल्डोवा","Moldova","Moldova","Moldavia","モルドバ","몰도바","Moldavië","Mołdawia","Moldávia","Молдавия","Moldavien","Moldova","Moldova","摩尔多瓦"
"Q218","","20147528","رومانيا","রোমানিয়া","Rumänien","Romania","Rumania","Roumanie","Ρουμανία","रोमानिया","Románia","Rumania","Romania","ルーマニア","루마니아","Roemenië","Rumunia","Roménia","Румыния","Rumänien","Romanya","Romania","羅馬尼亞"
"Q1006","","10628972","غينيا","গিনি","Guinea","Guinea","Guinea","Guinée","Γουινέα","गिनी","Guinea","Guinea","Guinea","ギニア","기니","Guinee","Gwinea","Guiné","Гвинея","Guinea","Gine","Guinée","几内亚"
"Q1007","","1704255","غينيا بيساو","গিনি-বিসাউ","Guinea-Bissau","Guinea-Bissau","Guinea-Bisáu","Guinée-Bissau","Γουινέα-Μπισσάου","गिनी-बिसाऊ","Bissau-Guinea","Guinea-Bissau","Guinea-Bissau","ギニアビサウ","기니비사우","Guinee-Bissau","Gwinea Bissau","Guiné-Bissau","Гвинея-Бисау","Guinea-Bissau","Gine-Bissau","Guiné-Bissau","幾內亞比索"
"Q219","","7265115","بلغاريا","বুলগেরিয়া","Bulgarien","Bulgaria","Bulgaria","Bulgarie","Βουλγαρία","बुल्गारिया","Bulgária","Bulgaria","Bulgaria","ブルガリア","불가리아","Bulgarije","Bułgaria","Bulgária","Болгария","Bulgarien","Bulgaristan","Bulgaria","保加利亚"
"Q1008","","20316086","ساحل العاج","কোত দিভোয়ার","Elfenbeinküste","Ivory Coast","Costa de Marfil","Côte d'Ivoire","Ακτή Ελεφαντοστού","कोत द'ईवोआर","Elefántcsontpart","Pantai Gading","Costa d'Avorio","コートジボワール","코트디부아르","Ivoorkust","Wybrzeże Kości Słoniowej","Costa do Marfim","Кот-д’Ивуар","Elfenbenskusten","Fildişi Sahili","Bờ Biển Ngà","科特迪瓦"
"Q1009","","22253959","الكاميرون","ক্যামেরুন","Kamerun","Cameroon","Camerún","Cameroun","Καμερούν","कैमरुन","Kamerun","Kamerun","Camerun","カメルーン","카메룬","Kameroen","Kamerun","Camarões","Камерун","Kamerun","Kamerun","Cameroon","喀麦隆"
"Q221","","2107158","جمهورية مقدونيا","ম্যাসেডোনিয়া প্রজাতন্ত্র","Mazedonien","Republic of Macedonia","República de Macedonia","République de Macédoine","πρώην Γιουγκοσλαβική Δημοκρατία της Μακεδονίας","मैसिडोनिया","Macedónia","Republik Makedonia","Repubblica di Macedonia","マケドニア共和国","마케도니아 공화국","Macedonië","Macedonia","República da Macedónia","Республика Македония","Makedonien","Makedonya Cumhuriyeti","Cộng hòa Macedonia","馬其頓共和國"
"Q222","","3020209","ألبانيا","আলবেনিয়া","Albanien","Albania","Albania","Albanie","Αλβανία","अल्बानिया","Albánia","Albania","Albania","アルバニア","알바니아","Albanië","Albania","Albânia","Албания","Albanien","Arnavutluk","Albania","阿尔巴尼亚"
"Q1013","","2074465","ليسوتو","লেসোথো","Lesotho","Lesotho","Lesoto","Lesotho","Λεσότο","लेसोथो","Lesotho","Lesotho","Lesotho","レソト","레소토","Lesotho","Lesotho","Lesoto","Лесото","Lesotho","Lesotho","Lesotho","莱索托"
"Q223","","56295","جرينلاند","গ্রিনল্যান্ড","Grönland","Greenland","Groenlandia","Groenland","Γροιλανδία","ग्रीनलैण्ड","Grönland","Greenland","Groenlandia","グリーンランド","그린란드","Groenland","Grenlandia","Gronelândia","Гренландия","Grönland","Grönland","Greenland","格陵兰"
"Q1014","","4294077","ليبيريا","লাইবেরিয়া","Liberia","Liberia","Liberia","Liberia","Λιβερία","लाइबेरिया","Libéria","Liberia","Liberia","リベリア","라이베리아","Liberia","Liberia","Libéria","Либерия","Liberia","Liberya","Liberia","利比里亚"
"Q224","","4284889","كرواتيا","ক্রোয়েশিয়া","Kroatien","Croatia","Croacia","Croatie","Κροατία","क्रोएशिया","Horvátország","Kroasia","Croazia","クロアチア","크로아티아","Kroatië","Chorwacja","Croácia","Хорватия","Kroatien","Hırvatistan","Croatia","克罗地亚"
"Q225","","3531159","البوسنة والهرسك","বসনিয়া ও হার্জেগোভিনা","Bosnien und Herzegowina","Bosnia and Herzegovina","Bosnia y Herzegovina","Bosnie-Herzégovine","Βοσνία και Ερζεγοβίνη","बॉस्निया और हर्ज़ेगोविना","Bosznia-Hercegovina","Bosnia dan Herzegovina","Bosnia ed Erzegovina","ボスニア・ヘルツェゴビナ","보스니아 헤르체고비나","Bosnië en Herzegovina","Bośnia i Hercegowina","Bósnia e Herzegovina","Босния и Герцеговина","Bosnien och Hercegovina","Bosna-Hersek","Bosna và Hercegovina","波斯尼亚和黑塞哥维那"
"Q1019","","22924851","مدغشقر","মাদাগাস্কার","Madagaskar","Madagascar","Madagascar","Madagascar","Μαδαγασκάρη","मेडागास्कर","Madagaszkár","Madagaskar","Madagascar","マダガスカル","마다가스카르","Madagaskar","Madagaskar","Madagáscar","Мадагаскар","Madagaskar","Madagaskar","Madagascar","马达加斯加"
"Q1016","","6201521","ليبيا","লিবিয়া","Libyen","Libya","Libia","Libye","Λιβύη","लीबिया","Líbia","Libya","Libia","リビア","리비아","Libië","Libia","Líbia","Ливия","Libyen","Libya","Libya","利比亚"
"Q1020","","16362567","مالاوي","মালাউই","Malawi","Malawi","Malaui","Malawi","Μαλάουι","मलावी","Malawi","Malawi","Malawi","マラウイ","말라위","Malawi","Malawi","Malawi","Малави","Malawi","Malavi","Malawi","马拉维"
"Q227","","9416801","أذربيجان","আজারবাইজান","Aserbaidschan","Azerbaijan","Azerbaiyán","Azerbaïdjan","Αζερμπαϊτζάν","अज़रबैजान","Azerbajdzsán","Azerbaijan","Azerbaigian","アゼルバイジャン","아제르바이잔","Azerbeidzjan","Azerbejdżan","Azerbaijão","Азербайджан","Azerbajdzjan","Azerbaycan","Azerbaijan","阿塞拜疆"
"Q1025","","3889880","موريتانيا","মৌরিতানিয়া","Mauretanien","Mauritania","Mauritania","Mauritanie","Μαυριτανία","मॉरीतानिया","Mauritánia","Mauritania","Mauritania","モーリタニア","모리타니","Mauritanië","Mauretania","Mauritânia","Мавритания","Mauretanien","Moritanya","Mauritanie","毛里塔尼亚"
"Q1028","","33008150","المغرب","মরক্কো","Marokko","Morocco","Marruecos","Maroc","Μαρόκο","मोरक्को","Marokkó","Maroko","Marocco","モロッコ","모로코","Marokko","Maroko","Marrocos","Марокко","Marocko","Fas","Maroc","摩洛哥"
"Q228","","79218","أندورا","অ্যান্ডোরা","Andorra","Andorra","Andorra","Andorre","Ανδόρρα","अण्डोरा","Andorra","Andorra","Andorra","アンドラ","안도라","Andorra","Andora","Andorra","Андорра","Andorra","Andorra","Andorra","安道尔"
"Q229","","1141166","قبرص","সাইপ্রাস","Republik Zypern","Cyprus","Chipre","Chypre","Κύπρος","साइप्रस","Ciprus","Siprus","Cipro","キプロス","키프로스","Cyprus","Cypr","Chipre","Кипр","Cypern","Kıbrıs Cumhuriyeti","Cộng hòa Síp","賽普勒斯"
"Q1029","","25833752","موزمبيق","মোজাম্বিক","Mosambik","Mozambique","Mozambique","Mozambique","Μοζαμβίκη","मोज़ाम्बीक","Mozambik","Mozambik","Mozambico","モザンビーク","모잠비크","Mozambique","Mozambik","Moçambique","Мозамбик","Moçambique","Mozambik","Mozambique","莫桑比克"
"Q1030","","2303315","ناميبيا","নামিবিয়া","Namibia","Namibia","Namibia","Namibie","Ναμίμπια","नामीबिया","Namíbia","Namibia","Namibia","ナミビア","나미비아","Namibië","Namibia","Namíbia","Намибия","Namibia","Namibya","Namibia","纳米比亚"
"Q230","","3729500","جورجيا","জর্জিয়া","Georgien","Georgia","Georgia","Géorgie","Γεωργία","जॉर्जिया","Grúzia","Georgia","Georgia","ジョージア","조지아","Georgië","Gruzja","Geórgia","Грузия","Georgien","Gürcistan","Gruzia","格鲁吉亚"
"Q1032","","17831270","النيجر","নাইজার","Niger","Niger","Níger","Niger","Νίγηρας","नाइजर","Niger","Niger","Niger","ニジェール","니제르","Niger","Niger","Níger","Нигер","Niger","Nijer","Niger","尼日尔"
"Q232","","17948816","كازاخستان","কাজাখস্তান","Kasachstan","Kazakhstan","Kazajistán","Kazakhstan","Καζακστάν","कज़ाख़िस्तान","Kazahsztán","Kazakhstan","Kazakistan","カザフスタン","카자흐스탄","Kazachstan","Kazachstan","Cazaquistão","Казахстан","Kazakstan","Kazakistan","Kazakhstan","哈萨克斯坦"
"Q235","","37831","موناكو","মোনাকো","Monaco","Monaco","Mónaco","Monaco","Μονακό","मोनैको","Monaco","Monako","Principato di Monaco","モナコ","모나코","Monaco","Monako","Mónaco","Монако","Monaco","Monako","Monaco","摩纳哥"
"Q236","","620029","الجبل الأسود","মন্টিনিগ্রো","Montenegro","Montenegro","Montenegro","Monténégro","Μαυροβούνιο","मॉन्टेनीग्रो","Montenegró","Montenegro","Montenegro","モンテネグロ","몬테네그로","Montenegro","Czarnogóra","Montenegro","Черногория","Montenegro","Karadağ","Montenegro","蒙特內哥羅"
"Q1033","","182202000","نيجيريا","নাইজেরিয়া","Nigeria","Nigeria","Nigeria","Nigeria","Νιγηρία","नाईजीरिया","Nigéria","Nigeria","Nigeria","ナイジェリア","나이지리아","Nigeria","Nigeria","Nigéria","Нигерия","Nigeria","Nijerya","Nigeria","奈及利亞"
"Q1036","","37578876","أوغندا","উগান্ডা","Uganda","Uganda","Uganda","Ouganda","Ουγκάντα","युगाण्डा","Uganda","Uganda","Uganda","ウガンダ","우간다","Oeganda","Uganda","Uganda","Уганда","Uganda","Uganda","Uganda","乌干达"
"Q1037","","11776522","رواندا","রুয়ান্ডা","Ruanda","Rwanda","Ruanda","Rwanda","Ρουάντα","रवाण्डा","Ruanda","Rwanda","Ruanda","ルワンダ","르완다","Rwanda","Rwanda","Ruanda","Руанда","Rwanda","Ruanda","Rwanda","卢旺达"
"Q237","","1000","الفاتيكان","ভ্যাটিকান সিটি","Vatikanstadt","Vatican City","Ciudad del Vaticano","Vatican","Βατικανό","वैटिकन नगर","Vatikán","Vatikan","Città del Vaticano","バチカン","바티칸 시국","Vaticaanstad","Watykan","Vaticano","Ватикан","Vatikanstaten","Vatikan","Thành Vatican","梵蒂冈"
"Q238","","31595","سان مارينو","সান মারিনো","San Marino","San Marino","San Marino","Saint-Marin","Άγιος Μαρίνος","सान मारिनो","San Marino","San Marino","San Marino","サンマリノ","산마리노","San Marino","San Marino","San Marino","Сан-Марино","San Marino","San Marino","San Marino","圣马力诺"
"Q241","","11265629","كوبا","কিউবা","Kuba","Cuba","Cuba","Cuba","Κούβα","क्यूबा","Kuba","Kuba","Cuba","キューバ","쿠바","Cuba","Kuba","Cuba","Куба","Kuba","Küba","Cuba","古巴"
"Q1041","","14133280","السنغال","সেনেগাল","Senegal","Senegal","Senegal","Sénégal","Σενεγάλη","सेनेगल","Szenegál","Senegal","Senegal","セネガル","세네갈","Senegal","Senegal","Senegal","Сенегал","Senegal","Senegal","Sénégal","塞内加尔"
"Q1042","","92000","سيشل","সেশেল","Seychellen","Seychelles","Seychelles","Seychelles","Σεϋχέλλες","सेशेल्स","Seychelle-szigetek","Seychelles","Seychelles","セーシェル","세이셸","Seychellen","Seszele","Seychelles","Сейшельские Острова","Seychellerna","Seyşeller","Seychelles","塞舌尔"
"Q1044","","6092075","سيراليون","সিয়েরা লিওন","Sierra Leone","Sierra Leone","Sierra Leona","Sierra Leone","Σιέρα Λεόνε","सिएरा लियोन","Sierra Leone","Sierra Leone","Sierra Leone","シエラレオネ","시에라리온","Sierra Leone","Sierra Leone","Serra Leoa","Сьерра-Леоне","Sierra Leone","Sierra Leone","Sierra Leone","塞拉利昂"
"Q242","","366954","بليز","বেলিজ","Belize","Belize","Belice","Belize","Μπελίζε","बेलीज़","Belize","Belize","Belize","ベリーズ","벨리즈","Belize","Belize","Belize","Белиз","Belize","Belize","Belize","伯利兹"
"Q1045","","10495583","الصومال","সোমালিয়া","Somalia","Somalia","Somalia","Somalie","Σομαλία","सोमालिया","Szomália","Somalia","Somalia","ソマリア","소말리아","Somalië","Somalia","Somália","Сомали","Somalia","Somali","Somalia","索马里"
"Q244","","284644","باربادوس","বার্বাডোস","Barbados","Barbados","Barbados","Barbade","Μπαρμπάντος","बारबाडोस","Barbados","Barbados","Barbados","バルバドス","바베이도스","Barbados","Barbados","Barbados","Барбадос","Barbados","Barbados","Barbados","巴巴多斯"
"Q1049","","40235000","السودان","সুদান","Sudan","Sudan","Sudán","Soudan","Σουδάν","सूडान","Szudán","Sudan","Sudan","スーダン","수단","Soedan","Sudan","Sudão","Судан","Sudan","Sudan","Sudan","苏丹共和国"
"Q258","","55445000","جنوب أفريقيا","দক্ষিণ আফ্রিকা","Südafrika","South Africa","Sudáfrica","Afrique du Sud","Νότια Αφρική","दक्षिण अफ़्रीका","Dél-afrikai Köztársaság","Afrika Selatan","Sudafrica","南アフリカ共和国","남아프리카 공화국","Zuid-Afrika","Południowa Afryka","África do Sul","Южно-Африканская Республика","Sydafrika","Güney Afrika Cumhuriyeti","Cộng hòa Nam Phi","南非"
"Q252","","249865631","إندونيسيا","ইন্দোনেশিয়া","Indonesien","Indonesia","Indonesia","Indonésie","Ινδονησία","इंडोनेशिया","Indonézia","Indonesia","Indonesia","インドネシア","인도네시아","Indonesië","Indonezja","Indonésia","Индонезия","Indonesien","Endonezya","Indonesia","印度尼西亚"
"Q1050","","1249514","سوازيلاند","সোয়াজিল্যান্ড","Swasiland","eSwatini","eSwatini","Swaziland","Σουαζιλάνδη","स्वाज़ीलैण्ड","Szváziföld","Swaziland","Swaziland","スワジランド","스와질란드","Swaziland","Suazi","eSwatini","Свазиленд","Swaziland","Svaziland","Swaziland","斯威士兰"
"Q262","","38813722","الجزائر","আলজেরিয়া","Algerien","Algeria","Argelia","Algérie","Αλγερία","अल्जीरिया","Algéria","Aljazair","Algeria","アルジェリア","알제리","Algerije","Algieria","Argélia","Алжир","Algeriet","Cezayir","Algérie","阿尔及利亚"
"Q1246","","1883018","كوسوفو","কসোভো","Kosovo","Kosovo","Kosovo","Kosovo","Κοσσυφοπέδιο","कोसोवो गणराज्य","Koszovó","Kosovo","Kosovo","コソボ共和国","코소보","Kosovo","Kosowo","Kosovo","Республика Косово","Kosovo","Kosova","Kosovo","科索沃"
"Q1410","","33140","جبل طارق","জিব্রাল্টার","Gibraltar","Gibraltar","Gibraltar","Gibraltar","Γιβραλτάρ","जिब्राल्टर","Gibraltár","Gibraltar","Gibilterra","ジブラルタル","지브롤터","Gibraltar","Gibraltar","Gibraltar","Гибралтар","Gibraltar","Cebelitarık","Gibraltar","直布罗陀"
"Q6250","","586000","الصحراء الغربية","পশ্চিম সাহারা","Westsahara","Western Sahara","Sahara Occidental","Sahara occidental","Δυτική Σαχάρα","पश्चिमी सहारा","Nyugat-Szahara","Sahara Barat","Sahara Occidentale","西サハラ","서사하라","Westelijke Sahara","Sahara Zachodnia","Saara Ocidental","Западная Сахара","Västsahara","Batı Sahra","Tây Sahara","西撒哈拉"
"Q265","","31576400","أوزبكستان","উজবেকিস্তান","Usbekistan","Uzbekistan","Uzbekistán","Ouzbékistan","Ουζμπεκιστάν","उज़्बेकिस्तान","Üzbegisztán","Uzbekistan","Uzbekistan","ウズベキスタン","우즈베키스탄","Oezbekistan","Uzbekistan","Usbequistão","Узбекистан","Uzbekistan","Özbekistan","Uzbekistan","乌兹别克斯坦"
"Q8646","","7336585","هونغ كونغ","হংকং","Hongkong","Hong Kong","Hong Kong","Hong Kong","Χονγκ Κονγκ","हांगकांग","Hongkong","Hong Kong","Hong Kong","香港","홍콩","Hongkong","Hongkong","Hong Kong","Гонконг","Hongkong","Hong Kong","Hồng Kông","香港"
"Q18221","","33098","جزر توركس وكايكوس","টার্কস্‌ ও কেইকোস দ্বীপপুঞ্জ","Turks- und Caicosinseln","Turks and Caicos Islands","Islas Turcas y Caicos","îles Turques-et-Caïques","Τερκ και Κάικος","तुर्क और केकोस द्वीपसमूह","Turks- és Caicos-szigetek","Kepulauan Turks dan Caicos","Turks e Caicos","タークス・カイコス諸島","터크스 케이커스 제도","Turks- en Caicoseilanden","Turks i Caicos","Turks e Caicos","Тёркс и Кайкос","Turks- och Caicosöarna","Turks ve Caicos Adaları","Quần đảo Turks và Caicos","特克斯和凯科斯群岛"
"Q298","","17619708","تشيلي","চিলি","Chile","Chile","Chile","Chili","Χιλή","चिली","Chile","Chili","Cile","チリ","칠레","Chili","Chile","Chile","Чили","Chile","Şili","Chile","智利"
"Q334","","5888926","سنغافورة","সিঙ্গাপুর","Singapur","Singapore","Singapur","Singapour","Σιγκαπούρη","सिंगापुर","Szingapúr","Singapura","Singapore","シンガポール","싱가포르","Singapore","Singapur","Singapura","Сингапур","Singapore","Singapur","Singapore","新加坡"
"Q233","","423374","مالطا","মাল্টা","Malta","Malta","Malta","Malte","Μάλτα","माल्टा","Málta","Malta","Malta","マルタ","몰타","Malta","Malta","Malta","Мальта","Malta","Malta","Malta","马耳他"
"Q398","","1332171","البحرين","বাহরাইন","Bahrain","Bahrain","Baréin","Bahreïn","Μπαχρέιν","बहरीन","Bahrein","Bahrain","Bahrein","バーレーン","바레인","Bahrein","Bahrajn","Bahrein","Бахрейн","Bahrain","Bahreyn","Bahrain","巴林"
"Q672","","9876","توفالو","টুভালু","Tuvalu","Tuvalu","Tuvalu","Tuvalu","Τουβαλού","तुवालू","Tuvalu","Tuvalu","Tuvalu","ツバル","투발루","Tuvalu","Tuvalu","Tuvalu","Тувалу","Tuvalu","Tuvalu","Tuvalu","吐瓦魯"
"Q678","","105323","تونغا","টোঙ্গা","Tonga","Tonga","Tonga","Tonga","Τόνγκα","टोंगा","Tonga","Tonga","Tonga","トンガ","통가","Tonga","Tonga","Tonga","Тонга","Tonga","Tonga","Tonga","東加"
"Q683","","190372","ساموا","সামোয়া","Samoa","Samoa","Samoa","Samoa","Σαμόα","समोआ","Szamoa","Samoa","Samoa","サモア","사모아","Samoa","Samoa","Samoa","Самоа","Samoa","Samoa","Samoa","萨摩亚"
"Q685","","561231","جزر سليمان","সলোমন দ্বীপপুঞ্জ","Salomonen","Solomon Islands","Islas Salomón","Îles Salomon","Νήσοι Σολομώντα","सोलोमन द्वीपसमूह","Salamon-szigetek","Kepulauan Solomon","Isole Salomone","ソロモン諸島","솔로몬 제도","Salomonseilanden","Wyspy Salomona","Ilhas Salomão","Соломоновы Острова","Salomonöarna","Solomon Adaları","Quần đảo Solomon","索羅門群島"
"Q686","","252763","فانواتو","ভানুয়াটু","Vanuatu","Vanuatu","Vanuatu","Vanuatu","Βανουάτου","वानूआटू","Vanuatu","Vanuatu","Vanuatu","バヌアツ","바누아투","Vanuatu","Vanuatu","Vanuatu","Вануату","Vanuatu","Vanuatu","Vanuatu","萬那杜"
"Q695","","20918","بالاو","পালাউ","Palau","Palau","Palaos","Palaos","Παλάου","पलाउ","Palau","Palau","Palau","パラオ","팔라우","Palau","Palau","Palau","Палау","Palau","Palau","Palau","帛琉"
"Q697","","10084","ناورو","নাউরু","Nauru","Nauru","Nauru","Nauru","Ναουρού","नौरु","Nauru","Nauru","Nauru","ナウル","나우루","Nauru","Nauru","Nauru","Науру","Nauru","Nauru","Nauru","諾魯"
"Q702","","103549","ولايات ميكرونيسيا المتحدة","মাইক্রোনেশিয়া যুক্তরাজ্য","Mikronesien","Federated States of Micronesia","Micronesia","Micronésie","Μικρονησία","माइक्रोनेशिया के संघीकृत राज्य","Mikronéziai Szövetségi Államok","Mikronesia","Stati Federati di Micronesia","ミクロネシア連邦","미크로네시아 연방","Micronesia","Mikronezja","Micronésia","Микронезия","Mikronesiens federerade stater","Mikronezya","Micronesia","密克罗尼西亚联邦"
"Q763","","54191","سانت كيتس ونيفيس","সেন্ট কিট্‌স ও নেভিস","St. Kitts und Nevis","Saint Kitts and Nevis","San Cristóbal y Nieves","Saint-Christophe-et-Niévès","Άγιος Χριστόφορος και Νέβις","सन्त किट्स और नेविस","Saint Kitts és Nevis","Saint Kitts dan Nevis","Saint Kitts e Nevis","セントクリストファー・ネイビス","세인트키츠 네비스","Saint Kitts en Nevis","Saint Kitts i Nevis","São Cristóvão e Nevis","Сент-Китс и Невис","Saint Kitts och Nevis","Saint Kitts ve Nevis","Saint Kitts và Nevis","聖克里斯多福與尼維斯"
"Q766","","2950210","جامايكا","জ্যামাইকা","Jamaika","Jamaica","Jamaica","Jamaïque","Τζαμάικα","जमैका","Jamaica","Jamaika","Giamaica","ジャマイカ","자메이카","Jamaica","Jamajka","Jamaica","Ямайка","Jamaica","Jamaika","Jamaica","牙买加"
"Q781","","89985","أنتيغوا وباربودا","অ্যান্টিগুয়া ও বার্বুডা","Antigua und Barbuda","Antigua and Barbuda","Antigua y Barbuda","Antigua-et-Barbuda","Αντίγκουα και Μπαρμπούντα","अण्टीगुआ और बारबूडा","Antigua és Barbuda","Antigua dan Barbuda","Antigua e Barbuda","アンティグア・バーブーダ","앤티가 바부다","Antigua en Barbuda","Antigua i Barbuda","Antígua e Barbuda","Антигуа и Барбуда","Antigua och Barbuda","Antigua ve Barbuda","Antigua và Barbuda","安提瓜和巴布达"
"Q784","","72003","دومينيكا","ডোমিনিকা","Dominica","Dominica","Dominica","Dominique","Δομινίκα","डोमिनिका","Dominikai Közösség","Dominika","Dominica","ドミニカ国","도미니카 연방","Dominica","Dominika","Dominica","Доминика","Dominica","Dominika","Dominica","多米尼克"
"Q785","","100080","جيرزي","জার্সি","Jersey","Jersey","Jersey","Jersey","Τζέρσεϊ","जर्सी","Jersey","Jersey","Baliato di Jersey","ジャージー","저지 섬","Jersey","Jersey","Jersey","Джерси","Jersey","Jersey","Jersey","澤西島"
"Q826","","345023","جزر المالديف","মালদ্বীপ","Malediven","Maldives","Maldivas","Maldives","Μαλδίβες","मालदीव","Maldív-szigetek","Maladewa","Maldive","モルディブ","몰디브","Maldiven","Malediwy","Maldivas","Мальдивы","Maldiverna","Maldivler","Maldives","马尔代夫"
"Q970","","734917","جزر القمر","কোমোরোস","Komoren","Comoros","Comoras","Comores","Κομόρες","कोमोरोस","Comore-szigetek","Komoro","Comore","コモロ","코모로","Comoren","Komory","Comores","Коморы","Komorerna","Komorlar","Comoros","葛摩"
"Q1011","","498897","الرأس الأخضر","কেপ ভার্দ","Kap Verde","Cape Verde","Cabo Verde","Cap-Vert","Πράσινο Ακρωτήριο","केप वर्दे","Zöld-foki Köztársaság","Tanjung Verde","Capo Verde","カーボベルデ","카보베르데","Kaapverdië","Republika Zielonego Przylądka","Cabo Verde","Кабо-Верде","Kap Verde","Yeşil Burun Adaları","Cabo Verde","佛得角"
"Q1027","","1258653","موريشيوس","মরিশাস","Mauritius","Mauritius","Mauricio","Maurice","Μαυρίκιος","मॉरिशस","Mauritius","Mauritius","Mauritius","モーリシャス","모리셔스","Mauritius","Mauritius","Maurícia","Маврикий","Mauritius","Mauritius","Mauritius","毛里求斯"
"Q1039","","192993","ساو تومي وبرينسيب","সাঁউ তুমি ও প্রিন্সিপি","São Tomé und Príncipe","São Tomé and Príncipe","Santo Tomé y Príncipe","Sao Tomé-et-Principe","Σάο Τομέ και Πρίνσιπε","साओ तोमे और प्रिन्सिपी","São Tomé és Príncipe","Sao Tome dan Principe","São Tomé e Príncipe","サントメ・プリンシペ","상투메 프린시페","Sao Tomé en Principe","Wyspy Świętego Tomasza i Książęca","São Tomé e Príncipe","Сан-Томе и Принсипи","São Tomé och Príncipe","São Tomé ve Príncipe","São Tomé và Príncipe","圣多美和普林西比"
"Q1183","","3615086","بورتوريكو","পুয়ের্তো রিকো","Puerto Rico","Puerto Rico","Puerto Rico","Porto Rico","Πουέρτο Ρίκο","प्युर्तो रिको","Puerto Rico","Puerto Riko","Porto Rico","プエルトリコ","푸에르토리코","Puerto Rico","Portoryko","Porto Rico","Пуэрто-Рико","Puerto Rico","Porto Riko","Puerto Rico","波多黎各"
"Q4628","","49854","جزر فارو","ফ্যারও দ্বীপপুঞ্জ","Färöer","Faroe Islands","Islas Feroe","îles Féroé","Νήσοι Φερόες","फ़रो द्वीपसमूह","Feröer","Kepulauan Faroe","Fær Øer","フェロー諸島","페로 제도","Faeröer","Wyspy Owcze","Ilhas Feroe","Фарерские острова","Färöarna","Faroe Adaları","Quần đảo Faroe","法罗群岛"
"Q5689","","28983","جزر أولاند","অলান্দ দ্বীপপুঞ্জ","Åland","Åland Islands","Åland","Åland","Ώλαντ","ऑलैण्ड द्वीपसमूह","Åland","Åland","Isole Åland","オーランド諸島","올란드 제도","Åland","Wyspy Alandzkie","Åland","Аландские острова","Åland","Åland","Åland","奥兰群岛"
"Q9648","","4550","جزر فوكلاند","ফক্‌ল্যান্ড দ্বীপপুঞ্জ","Falklandinseln","Falkland Islands","Islas Malvinas","îles Malouines","Νήσοι Φώκλαντ","फ़ॉकलैंड द्वीपसमूह","Falkland-szigetek","Kepulauan Falkland","Isole Falkland","フォークランド諸島","포클랜드 제도","Falklandeilanden","Falklandy","Ilhas Malvinas","Фолклендские острова","Falklandsöarna","Falkland Adaları","Quần đảo Falkland","福克兰群岛"
"Q5785","","58435","جزر كايمان","কেইম্যান দ্বীপপুঞ্জ","Cayman Islands","Cayman Islands","Islas Caimán","îles Caïmans","Νησιά Καϋμάν","केमन द्वीपसमूह","Kajmán-szigetek","Kepulauan Cayman","Isole Cayman","ケイマン諸島","케이맨 제도","Kaaimaneilanden","Kajmany","Ilhas Cayman","острова Кайман","Caymanöarna","Cayman Adaları","Quần đảo Cayman","開曼群島"
"Q9676","","85888","جزيرة مان","আইল অব ম্যান","Isle of Man","Isle of Man","Isla de Man","île de Man","Νήσος του Μαν","मनुष्य का टापू","Man","Pulau Man","Isola di Man","マン島","맨 섬","Man","Wyspa Man","Ilha de Man","остров Мэн","Isle of Man","Man Adası","Đảo Man","马恩岛"
"Q11703","","106792","جزر العذراء الأمريكية","মার্কিন ভার্জিন দ্বীপপুঞ্জ","Amerikanische Jungferninseln","United States Virgin Islands","Islas Vírgenes de los Estados Unidos","îles Vierges des États-Unis","Αμερικανικές Παρθένοι Νήσοι","संयुक्त राज्य वर्जिन द्वीपसमूह","Amerikai Virgin-szigetek","Kepulauan Virgin Amerika Serikat","Isole Vergini americane","アメリカ領ヴァージン諸島","미국령 버진아일랜드","Amerikaanse Maagdeneilanden","Wyspy Dziewicze Stanów Zjednoczonych","Ilhas Virgens Americanas","Американские Виргинские острова","Amerikanska Jungfruöarna","ABD Virjin Adaları","Quần đảo Virgin thuộc Mỹ","美屬維爾京群島"
"Q13353","","","مونتسرات","মন্টসেরাট","Montserrat","Montserrat","Montserrat","Montserrat","Μοντσερράτ","मॉण्टसेराट","Montserrat","Montserrat","Montserrat","モントセラト","몬트세랫","Montserrat","Montserrat","Montserrat","Монтсеррат","Montserrat","Montserrat","Montserrat","蒙塞拉特島"
"Q14773","","566375","ماكاو","মাকাও","Macau","Macau","Macao","Macao","Μακάου","मकाउ","Makaó","Makau","Macao","マカオ","마카오","Macau","Makau","Macau","Макао","Macao","Makao","Ma Cao","澳門"
"Q16635","","161785","غوام","গুয়াম","Guam","Guam","Guam","Guam","Γκουάμ","गुआम","Guam","Guam","Guam","グアム","괌","Guam","Guam","Guam","Гуам","Guam","Guam","Guam","關島"
"Q16641","","55165","ساموا الأمريكية","আমেরিকান সামোয়া","Amerikanisch-Samoa","American Samoa","Samoa Estadounidense","Samoa américaines","Αμερικανική Σαμόα","अमेरिकी समोआ","Amerikai Szamoa","Samoa Amerika","Samoa Americane","アメリカ領サモア","아메리칸사모아","Amerikaans-Samoa","Samoa Amerykańskie","Samoa Americana","Американское Самоа","Amerikanska Samoa","Amerikan Samoası","Samoa thuộc Mỹ","美屬薩摩亞"
"Q16645","","300","جزر الولايات المتحدة الصغيرة النائية","মার্কিন যুক্তরাষ্ট্র পার্শ্ববর্তী ক্ষুদ্র দ্বীপপুঞ্জ","United States Minor Outlying Islands","United States Minor Outlying Islands","Islas ultramarinas de Estados Unidos","Îles mineures éloignées des États-Unis","Απομακρυσμένες Νησίδες των Ηνωμένων Πολιτειών","संयुक्त राज्य अमेरिका के छोटे दूरस्थ द्वीपसमूह","Az Amerikai Egyesült Államok lakatlan külbirtokai","Kepulauan Terluar Kecil Amerika Serikat","Isole minori esterne degli Stati Uniti d'America","合衆国領有小離島","미국령 군소 제도","Kleine afgelegen eilanden van de Verenigde Staten","Dalekie Wyspy Mniejsze Stanów Zjednoczonych","Ilhas Menores Distantes dos Estados Unidos","Внешние малые острова США","Förenta staternas mindre öar i Oceanien och Västindien","United States Minor Outlying Islands","Các tiểu đảo xa của Hoa Kỳ","美国本土外小岛屿"
"Q16644","","53855","جزر ماريانا الشمالية","উত্তর মারিয়ানা দ্বীপপুঞ্জ","Nördliche Marianen","Northern Mariana Islands","Islas Marianas del Norte","îles Mariannes du Nord","Βόρειες Μαριάνες Νήσοι","उत्तरी मारियाना द्वीप","Északi-Mariana-szigetek","Kepulauan Mariana Utara","Isole Marianne Settentrionali","北マリアナ諸島","북마리아나 제도","Noordelijke Marianen","Mariany Północne","Marianas Setentrionais","Северные Марианские острова","Nordmarianerna","Kuzey Mariana Adaları","Quần đảo Bắc Mariana","北马里亚纳群岛"
"Q23635","","65024","برمودا","বারমুডা","Bermuda","Bermuda","Bermudas","Bermudes","Βερμούδες","बरमूडा","Bermuda","Bermuda","Bermuda","バミューダ諸島","버뮤다","Bermuda","Bermudy","Bermudas","Бермудские Острова","Bermuda","Bermuda","Bermuda","百慕大"
"Q25228","","16086","أنغويلا","এ্যাঙ্গুইলা","Anguilla","Anguilla","Anguila","Anguilla","Ανγκουίλα","अंगुइला","Anguilla","Anguilla","Anguilla","アンギラ","앵귈라","Anguilla","Anguilla","Anguilla","Ангилья","Anguilla","Anguilla","Anguilla","安圭拉"
"Q25230","","65345","غيرنزي","","Guernsey","Guernsey","Guernsey","Guernesey","Γκέρνσεϊ","ग्वेर्नसे","Guernsey Bailiffség","Guernsey","Guernsey","ガーンジー","건지 섬","Guernsey","Guernsey","Guernsey","Гернси","Guernsey","Guernsey","Guernsey","根西岛"
"Q25305","","","جزر العذراء البريطانية","ব্রিটিশ ভার্জিন দ্বীপপুঞ্জ","Britische Jungferninseln","British Virgin Islands","Islas Vírgenes Británicas","îles Vierges britanniques","Βρετανικές Παρθένοι Νήσοι","ब्रिटिश वर्जिन द्वीपसमूह","Brit Virgin-szigetek","Kepulauan Virgin Britania Raya","Isole Vergini britanniche","イギリス領ヴァージン諸島","영국령 버진아일랜드","Britse Maagdeneilanden","Brytyjskie Wyspy Dziewicze","Ilhas Virgens Britânicas","Британские Виргинские острова","Brittiska Jungfruöarna","Britanya Virjin Adaları","Quần đảo Virgin thuộc Anh","英屬維爾京群島"
"Q25362","","9625","سان بارتيلمي","সেন্ট-বার্থেলেমি","Saint-Barthélemy","Saint-Barthélemy","San Bartolomé","Saint-Barthélemy","Άγιος Βαρθολομαίος","सेंट बार्थेलेमी","Saint-Barthélemy","Saint-Barthélemy","Saint-Barthélemy","サン・バルテルミー島","생바르텔레미","Saint-Barthélemy","Saint-Barthélemy","Coletividade de São Bartolomeu","Сен-Бартелеми","Saint-Barthélemy","Saint Barthélemy","Saint-Barthélemy","聖巴泰勒米島"
"Q26988","","21000","جزر كوك","কুক দ্বীপপুঞ্জ","Cookinseln","Cook Islands","Islas Cook","Îles Cook","Νήσοι Κουκ","कुक द्वीपसमूह","Cook-szigetek","Kepulauan Cook","Isole Cook","クック諸島","쿡 제도","Cookeilanden","Wyspy Cooka","Ilhas Cook","Острова Кука","Cooköarna","Cook Adaları","Quần đảo Cook","库克群岛"
"Q31057","","","جزيرة نورفولك","নরফোক দ্বীপ","Norfolk Island","Norfolk Island","Isla Norfolk","île Norfolk","Νόρφολκ","नॉर्फ़ोक द्वीप","Norfolk-sziget","Pulau Norfolk","Isola Norfolk","ノーフォーク島","노퍽 섬","Norfolk","Norfolk","Ilha Norfolk","Норфолк","Norfolkön","Norfolk Adası","Đảo Norfolk","诺福克岛"
"Q34497","","4255","سانت هيلينا","সেন্ট হেলেনা","St. Helena","Saint Helena","Isla Santa Elena","Sainte-Hélène","Νήσος Αγίας Ελένης","सन्त हेलेना","Szent Ilona","Saint Helena","Sant'Elena","セントヘレナ","세인트헬레나","Sint-Helena","Wyspa Świętej Heleny","Santa Helena","Остров Святой Елены","Sankta Helena","Saint Helena","Saint Helena","圣赫勒拿岛"
"Q34020","","1612","نييوي","নিউয়ে","Niue","Niue","Niue","Niue","Νιούε","निउए","Niue","Niue","Niue","ニウエ","니우에","Niue","Niue","Niue","Ниуэ","Niue","Niue","Niue","紐埃"
"Q35086","","","جورجيا الجنوبية وجزر ساندويتش الجنوبية","দক্ষিণ জর্জিয়া ও দক্ষিণ স্যন্ডউইচ দ্বীপপুঞ্জ","Südgeorgien und die Südlichen Sandwichinseln","South Georgia and the South Sandwich Islands","Islas Georgias del Sur y Sándwich del Sur","Géorgie du Sud-et-les Îles Sandwich du Sud","Νήσοι Νότια Γεωργία και Νότιες Σάντουιτς","दक्षिण जॉर्जिया एवं दक्षिण सैंडविच द्वीप समूह","Déli-Georgia és Déli-Sandwich-szigetek","Georgia Selatan dan Kepulauan Sandwich Selatan","Georgia del Sud e isole Sandwich meridionali","サウスジョージア・サウスサンドウィッチ諸島","사우스조지아 사우스샌드위치 제도","Zuid-Georgia en de Zuidelijke Sandwicheilanden","Georgia Południowa i Sandwich Południowy","Ilhas Geórgia do Sul e Sandwich do Sul","Южная Георгия и Южные Сандвичевы острова","Sydgeorgien och Sydsandwichöarna","Güney Georgia ve Güney Sandwich Adaları","Nam Georgia và Quần đảo Nam Sandwich","南喬治亞島與南桑威奇群島"
"Q35555","","12197","واليس وفوتونا","ওয়ালিস ও ফুটুনা","Wallis und Futuna","Wallis and Futuna","Wallis y Futuna","Wallis-et-Futuna","Ουαλίς και Φουτουνά","वालिस और फ्यूटुना","Wallis és Futuna","Wallis dan Futuna","Wallis e Futuna","ウォリス・フツナ","왈리스 퓌튀나","Wallis en Futuna","Wallis i Futuna","Wallis e Futuna","Уоллис и Футуна","Wallis- och Futunaöarna","Wallis ve Futuna Adaları","Wallis và Futuna","瓦利斯和富圖納"
"Q43448","","","إقليم المحيط الهندي البريطاني","ব্রিটিশ ভারত মহাসাগরীয় এলাকা","Britisches Territorium im Indischen Ozean","British Indian Ocean Territory","Territorio Británico del Océano Índico","Territoire britannique de l'océan Indien","Βρετανικό Έδαφος Ινδικού Ωκεανού","ब्रिटिश हिंद महासागर क्षेत्र","Brit Indiai-óceáni Terület","Wilayah Samudra Hindia Britania","Territorio britannico dell'oceano Indiano","イギリス領インド洋地域","영국령 인도양 지역","Brits Indische Oceaanterritorium","Brytyjskie Terytorium Oceanu Indyjskiego","Território Britânico do Oceano Índico","Британская территория в Индийском океане","Brittiska territoriet i Indiska oceanen","Britanya Hint Okyanusu Toprakları","Lãnh thổ Ấn Độ Dương thuộc Anh","英屬印度洋領地"
"Q131198","","0","جزيرة هيرد وجزر ماكدونالد","হার্ড দ্বীপ এবং ম্যাকডোনাল্ড দ্বীপপুঞ্জ","Heard und McDonaldinseln","Heard Island and McDonald Islands","Islas Heard y McDonald","îles Heard-et-MacDonald","Νήσοι Χερντ και Μακντόναλντ","हर्ड द्वीप और मैकडोनाल्ड द्वीप","Heard-sziget és McDonald-szigetek","Pulau Heard dan Kepulauan McDonald","Isole Heard e McDonald","ハード島とマクドナルド諸島","허드 맥도널드 제도","Heard en McDonaldeilanden","Wyspy Heard i McDonalda","Ilha Heard e Ilhas McDonald","Остров Херд и острова Макдональд","Heard- och McDonaldöarna","Heard Adası ve McDonald Adaları","Đảo Heard và quần đảo McDonald","赫德島和麥克唐納群島"
"Q133888","","0","جزر أشمور وكارتيير","আসমর এবং কার্টিয়ে দ্বীপপুঞ্জ","Ashmore- und Cartierinseln","Ashmore and Cartier Islands","Islas Ashmore y Cartier","Îles Ashmore-et-Cartier","Άσμορ και Καρτιέ Νησιά","एशमोर और कार्टियर द्वीप समूह","Ashmore- és Cartier-szigetek","Kepulauan Ashmore dan Cartier","Isole Ashmore e Cartier","アシュモア・カルティエ諸島","애시모어 카르티에 제도","Ashmore- en Cartiereilanden","Wyspy Ashmore i Cartiera","Ilhas Ashmore e Cartier","Острова Ашмор и Картье","Ashmore- och Cartieröarna","Ashmore ve Cartier Adaları","Quần đảo Ashmore và Cartier","阿什莫尔和卡捷岛"
"Q161258","","0","جزيرة كليبرتون","ক্লিপারটন দ্বীপপুঞ্জ","Clipperton-Insel","Clipperton Island","Isla Clipperton","île Clipperton","Νήσος Κλίπερτον","क्लिपरटन द्वीप","Clipperton-sziget","Pulau Clipperton","Clipperton","クリッパートン島","클리퍼턴 섬","Clipperton","Wyspa Clippertona","Ilha de Clipperton","Клиппертон","Clippertonön","Clipperton Adası","Clipperton","克利珀頓島"
"Q215664","","","جزر سبراتلي","স্প্র্যাটলি দ্বীপপুঞ্জ","Spratly-Inseln","Spratly Islands","Islas Spratly","Îles Spratleys","Νησιά Σπράτλι","स्प्रैटली द्वीप समूह","Spratly-szigetek","Kepulauan Spratly","Isole Spratly","南沙諸島","스프래틀리 군도","Spratly-eilanden","Wyspy Spratly","Ilhas Spratly","Острова Спратли","Spratlyöarna","Spratly Adaları","Quần đảo Trường Sa","南沙群岛"
"Q172216","","","جزر بحر كورال","কোরাল সাগর দ্বীপপুঞ্জ","Korallenmeerinseln","Coral Sea Islands","Islas del Mar del Coral","Îles de la mer de Corail","Νησιά Θάλασσας των Κοραλίων","कोरल सागर द्वीप समूह","Korall-tengeri-szigetek","Kepulauan Laut Karang","Isole del Mar dei Coralli","コーラル・シー諸島","산호해 제도","Koraalzee-eilanden","Wyspy Morza Koralowego","Ilhas do Mar de Coral","Территория островов Кораллового моря","Korallhavöarna","Mercan Denizi Adaları","Quần đảo Biển San hô","珊瑚海群岛"
"Q628716","","","سكاربورو شول","স্কারবোরো সোয়াল","Scarborough-Riff","Scarborough Shoal","Bajo de Masinloc","Récif de Scarborough","Ύφαλος Σκάρμπορο","स्कारबरो शोल","Scarborough-zátony","Gosong Scarborough","Scarborough Shoal","スカボロー礁","스카버러 암초","Scarborough-rif","Huangyan Dao","Recife de Scarborough","Скарборо-Шол","Scarboroughrevet","Scarborough Shoal","Bãi cạn Scarborough","黄岩岛"
"Q1169008","","0","ضفة سيرانيلا","সেরানিলা তীর","Serranilla Bank","Serranilla Bank","Isla Serranilla","Banc de Serranilla","Νησί Σερρανίλλα Μπανκ","सेरानिला तट","Serranilla-sziget","Tepi Serranilla","Isola Serranilla","セラニャ・バンク","세라냐 뱅크","Serranilla","Isla Serranilla","Ilha Serranilla","Серранилья-Банк","Serranilla Bank","Serranilla Bank","Serranilla Bank","塞拉纳浅滩"
"Q1257783","","0","ضفة باجو نيوفو","বাজো নুয়েভো তীর","Bajo-Nuevo-Bank","Bajo Nuevo Bank","Bajo Nuevo","Banc de Bajo Nuevo","Μπάτζο Νουέβο Μπανκ","बाखो न्युएवो तट","Petrel-szigetek","Tepi Bajo Nuevo","Bajo Nuevo Bank","バホヌエボ","바호 누에보 뱅크","Bajo Nuevo","Bajo Nuevo","Ilha Baixo Novo","Бахо-Нуэво","Bajo Nuevo","Bajo Nuevo Bank","Bajo Nuevo Bank","巴霍努埃沃礁"
"Q4824275","","","أقاليم المحيط الهندي الأسترالية","অস্ট্রেলিয়ান ভারত মহাসাগর অঞ্চল","Australische Territorien im Indischen Ozean","Australian Indian Ocean Territories","Territorios Australianos del Océano Índico","Territoires extérieurs australiens de l'Océan Indien","Αυστραλέζικο Έδαφος Ινδικού Ωκεανού","हिंद महासागर के ऑस्ट्रेलियाई क्षेत्र","Ausztrál Indiai-óceáni Terület","Wilayah Samudra Hindia Australia","Australian Indian Ocean Territories","オーストラリア領インド洋地域","호주령 인도양 지역","Cocoseilanden","Australijskie Terytorium Oceanu Indyjskiego","Territórios australianos do Oceano Índico","Австралийские территории в Индийском океане","Australienska indiska oceanens havsområde","Australian Indian Ocean Territories","Vùng lãnh thổ Ấn Độ Dương thuộc Úc","澳屬印度洋領地"
